-- phpMyAdmin SQL Dump
-- version 4.8.4
-- https://www.phpmyadmin.net/
--
-- Host: 127.0.0.1
-- Generation Time: 13-Fev-2019 às 14:42
-- Versão do servidor: 10.1.37-MariaDB
-- versão do PHP: 7.3.1

SET SQL_MODE = "NO_AUTO_VALUE_ON_ZERO";
SET AUTOCOMMIT = 0;
START TRANSACTION;
SET time_zone = "+00:00";


/*!40101 SET @OLD_CHARACTER_SET_CLIENT=@@CHARACTER_SET_CLIENT */;
/*!40101 SET @OLD_CHARACTER_SET_RESULTS=@@CHARACTER_SET_RESULTS */;
/*!40101 SET @OLD_COLLATION_CONNECTION=@@COLLATION_CONNECTION */;
/*!40101 SET NAMES utf8mb4 */;

--
-- Database: `forgottenbytogu`
--

-- --------------------------------------------------------

--
-- Estrutura da tabela `accounts`
--

CREATE TABLE `accounts` (
  `id` int(11) NOT NULL,
  `name` varchar(32) NOT NULL,
  `password` char(40) NOT NULL,
  `secret` char(16) DEFAULT NULL,
  `type` int(11) NOT NULL DEFAULT '1',
  `premdays` int(11) NOT NULL DEFAULT '0',
  `lastday` int(10) UNSIGNED NOT NULL DEFAULT '0',
  `email` varchar(255) NOT NULL DEFAULT '',
  `creation` int(11) NOT NULL DEFAULT '0',
  `key` varchar(20) NOT NULL DEFAULT '0',
  `email_new` varchar(255) NOT NULL DEFAULT '',
  `email_new_time` int(11) NOT NULL DEFAULT '0',
  `rlname` varchar(255) NOT NULL DEFAULT '',
  `location` varchar(255) NOT NULL DEFAULT '',
  `page_access` int(11) NOT NULL DEFAULT '0',
  `email_code` varchar(255) NOT NULL DEFAULT '',
  `next_email` int(11) NOT NULL DEFAULT '0',
  `premium_points` int(11) NOT NULL DEFAULT '0',
  `create_date` int(11) NOT NULL DEFAULT '0',
  `create_ip` int(11) NOT NULL DEFAULT '0',
  `last_post` int(11) NOT NULL DEFAULT '0',
  `flag` varchar(80) NOT NULL DEFAULT ''
) ENGINE=InnoDB DEFAULT CHARSET=utf8;

--
-- Extraindo dados da tabela `accounts`
--

INSERT INTO `accounts` (`id`, `name`, `password`, `secret`, `type`, `premdays`, `lastday`, `email`, `creation`, `key`, `email_new`, `email_new_time`, `rlname`, `location`, `page_access`, `email_code`, `next_email`, `premium_points`, `create_date`, `create_ip`, `last_post`, `flag`) VALUES
(1, '0', 'b6589fc6ab0dc82cf12099d1c2d40ab994e8410c', NULL, 5, 90, 0, 'guto.contreiras@gmail.com', 0, '', '', 0, '', '', 3, '', 0, 0, 0, 0, 0, ''),
(2, '1', '356a192b7913b04c54574d18c28d46e6395428ab', NULL, 1, 0, 0, 'guto.contreiras@gmail.com', 0, '', '', 0, '', '', 3, '', 0, 0, 0, 0, 0, 'unknown');

-- --------------------------------------------------------

--
-- Estrutura da tabela `account_bans`
--

CREATE TABLE `account_bans` (
  `account_id` int(11) NOT NULL,
  `reason` varchar(255) NOT NULL,
  `banned_at` bigint(20) NOT NULL,
  `expires_at` bigint(20) NOT NULL,
  `banned_by` int(11) NOT NULL
) ENGINE=InnoDB DEFAULT CHARSET=utf8;

-- --------------------------------------------------------

--
-- Estrutura da tabela `account_ban_history`
--

CREATE TABLE `account_ban_history` (
  `id` int(10) UNSIGNED NOT NULL,
  `account_id` int(11) NOT NULL,
  `reason` varchar(255) NOT NULL,
  `banned_at` bigint(20) NOT NULL,
  `expired_at` bigint(20) NOT NULL,
  `banned_by` int(11) NOT NULL
) ENGINE=InnoDB DEFAULT CHARSET=utf8;

-- --------------------------------------------------------

--
-- Estrutura da tabela `account_viplist`
--

CREATE TABLE `account_viplist` (
  `account_id` int(11) NOT NULL COMMENT 'id of account whose viplist entry it is',
  `player_id` int(11) NOT NULL COMMENT 'id of target player of viplist entry',
  `description` varchar(128) NOT NULL DEFAULT '',
  `icon` tinyint(2) UNSIGNED NOT NULL DEFAULT '0',
  `notify` tinyint(1) NOT NULL DEFAULT '0'
) ENGINE=InnoDB DEFAULT CHARSET=utf8;

-- --------------------------------------------------------

--
-- Estrutura da tabela `guilds`
--

CREATE TABLE `guilds` (
  `id` int(11) NOT NULL,
  `name` varchar(255) NOT NULL,
  `ownerid` int(11) NOT NULL,
  `creationdata` int(11) NOT NULL,
  `motd` varchar(255) NOT NULL DEFAULT '',
  `description` text NOT NULL,
  `guild_logo` mediumblob,
  `create_ip` int(11) NOT NULL DEFAULT '0',
  `balance` bigint(20) UNSIGNED NOT NULL DEFAULT '0'
) ENGINE=InnoDB DEFAULT CHARSET=utf8;

--
-- Acionadores `guilds`
--
DELIMITER $$
CREATE TRIGGER `oncreate_guilds` AFTER INSERT ON `guilds` FOR EACH ROW BEGIN
    INSERT INTO `guild_ranks` (`name`, `level`, `guild_id`) VALUES ('the Leader', 3, NEW.`id`);
    INSERT INTO `guild_ranks` (`name`, `level`, `guild_id`) VALUES ('a Vice-Leader', 2, NEW.`id`);
    INSERT INTO `guild_ranks` (`name`, `level`, `guild_id`) VALUES ('a Member', 1, NEW.`id`);
END
$$
DELIMITER ;

-- --------------------------------------------------------

--
-- Estrutura da tabela `guildwar_kills`
--

CREATE TABLE `guildwar_kills` (
  `id` int(11) NOT NULL,
  `killer` varchar(50) NOT NULL,
  `target` varchar(50) NOT NULL,
  `killerguild` int(11) NOT NULL DEFAULT '0',
  `targetguild` int(11) NOT NULL DEFAULT '0',
  `warid` int(11) NOT NULL DEFAULT '0',
  `time` bigint(15) NOT NULL
) ENGINE=InnoDB DEFAULT CHARSET=utf8;

-- --------------------------------------------------------

--
-- Estrutura da tabela `guild_invites`
--

CREATE TABLE `guild_invites` (
  `player_id` int(11) NOT NULL DEFAULT '0',
  `guild_id` int(11) NOT NULL DEFAULT '0'
) ENGINE=InnoDB DEFAULT CHARSET=utf8;

-- --------------------------------------------------------

--
-- Estrutura da tabela `guild_membership`
--

CREATE TABLE `guild_membership` (
  `player_id` int(11) NOT NULL,
  `guild_id` int(11) NOT NULL,
  `rank_id` int(11) NOT NULL,
  `nick` varchar(15) NOT NULL DEFAULT ''
) ENGINE=InnoDB DEFAULT CHARSET=utf8;

-- --------------------------------------------------------

--
-- Estrutura da tabela `guild_ranks`
--

CREATE TABLE `guild_ranks` (
  `id` int(11) NOT NULL,
  `guild_id` int(11) NOT NULL COMMENT 'guild',
  `name` varchar(255) NOT NULL COMMENT 'rank name',
  `level` int(11) NOT NULL COMMENT 'rank level - leader, vice, member, maybe something else'
) ENGINE=InnoDB DEFAULT CHARSET=utf8;

-- --------------------------------------------------------

--
-- Estrutura da tabela `guild_wars`
--

CREATE TABLE `guild_wars` (
  `id` int(11) NOT NULL,
  `guild1` int(11) NOT NULL DEFAULT '0',
  `guild2` int(11) NOT NULL DEFAULT '0',
  `name1` varchar(255) NOT NULL,
  `name2` varchar(255) NOT NULL,
  `status` tinyint(2) NOT NULL DEFAULT '0',
  `started` bigint(15) NOT NULL DEFAULT '0',
  `ended` bigint(15) NOT NULL DEFAULT '0'
) ENGINE=InnoDB DEFAULT CHARSET=utf8;

-- --------------------------------------------------------

--
-- Estrutura da tabela `houses`
--

CREATE TABLE `houses` (
  `id` int(11) NOT NULL,
  `owner` int(11) NOT NULL,
  `paid` int(10) UNSIGNED NOT NULL DEFAULT '0',
  `warnings` int(11) NOT NULL DEFAULT '0',
  `name` varchar(255) NOT NULL,
  `rent` int(11) NOT NULL DEFAULT '0',
  `town_id` int(11) NOT NULL DEFAULT '0',
  `bid` int(11) NOT NULL DEFAULT '0',
  `bid_end` int(11) NOT NULL DEFAULT '0',
  `last_bid` int(11) NOT NULL DEFAULT '0',
  `highest_bidder` int(11) NOT NULL DEFAULT '0',
  `size` int(11) NOT NULL DEFAULT '0',
  `beds` int(11) NOT NULL DEFAULT '0'
) ENGINE=InnoDB DEFAULT CHARSET=utf8;

--
-- Extraindo dados da tabela `houses`
--

INSERT INTO `houses` (`id`, `owner`, `paid`, `warnings`, `name`, `rent`, `town_id`, `bid`, `bid_end`, `last_bid`, `highest_bidder`, `size`, `beds`) VALUES
(1, 0, 0, 0, '', 0, 0, 0, 0, 0, 0, 17, 1),
(2, 0, 0, 0, '', 0, 0, 0, 0, 0, 0, 19, 1),
(3, 0, 0, 0, '', 0, 0, 0, 0, 0, 0, 13, 1),
(4, 0, 0, 0, '', 0, 0, 0, 0, 0, 0, 17, 1),
(5, 0, 0, 0, '', 0, 0, 0, 0, 0, 0, 16, 1),
(6, 0, 0, 0, '', 0, 0, 0, 0, 0, 0, 25, 2),
(7, 0, 0, 0, '', 0, 0, 0, 0, 0, 0, 13, 1),
(8, 0, 0, 0, '', 0, 0, 0, 0, 0, 0, 29, 1),
(9, 0, 0, 0, '', 0, 0, 0, 0, 0, 0, 42, 2),
(10, 0, 0, 0, '', 0, 0, 0, 0, 0, 0, 29, 1),
(11, 0, 0, 0, '', 0, 0, 0, 0, 0, 0, 26, 1),
(12, 0, 0, 0, '', 0, 0, 0, 0, 0, 0, 26, 1),
(13, 0, 0, 0, '', 0, 0, 0, 0, 0, 0, 20, 1),
(14, 0, 0, 0, '', 0, 0, 0, 0, 0, 0, 34, 1),
(15, 0, 0, 0, '', 0, 0, 0, 0, 0, 0, 21, 1),
(16, 0, 0, 0, '', 0, 0, 0, 0, 0, 0, 21, 1),
(17, 0, 0, 0, '', 0, 0, 0, 0, 0, 0, 37, 1),
(18, 0, 0, 0, '', 0, 0, 0, 0, 0, 0, 29, 1),
(19, 0, 0, 0, '', 0, 0, 0, 0, 0, 0, 19, 1),
(20, 0, 0, 0, '', 0, 0, 0, 0, 0, 0, 23, 1),
(21, 0, 0, 0, '', 0, 0, 0, 0, 0, 0, 30, 2),
(22, 0, 0, 0, '', 0, 0, 0, 0, 0, 0, 30, 2),
(23, 0, 0, 0, '', 0, 0, 0, 0, 0, 0, 29, 1),
(24, 0, 0, 0, '', 0, 0, 0, 0, 0, 0, 29, 1),
(25, 0, 0, 0, '', 0, 0, 0, 0, 0, 0, 39, 1),
(26, 0, 0, 0, '', 0, 0, 0, 0, 0, 0, 39, 1),
(27, 0, 0, 0, '', 0, 0, 0, 0, 0, 0, 31, 1),
(28, 0, 0, 0, '', 0, 0, 0, 0, 0, 0, 36, 1),
(29, 0, 0, 0, '', 0, 0, 0, 0, 0, 0, 45, 1),
(30, 0, 0, 0, '', 0, 0, 0, 0, 0, 0, 191, 2),
(31, 0, 0, 0, '', 0, 0, 0, 0, 0, 0, 13, 1),
(32, 0, 0, 0, '', 0, 0, 0, 0, 0, 0, 13, 1),
(33, 0, 0, 0, '', 0, 0, 0, 0, 0, 0, 13, 1),
(34, 0, 0, 0, '', 0, 0, 0, 0, 0, 0, 13, 1),
(35, 0, 0, 0, '', 0, 0, 0, 0, 0, 0, 13, 1),
(36, 0, 0, 0, '', 0, 0, 0, 0, 0, 0, 13, 1),
(37, 0, 0, 0, '', 0, 0, 0, 0, 0, 0, 13, 1),
(38, 0, 0, 0, '', 0, 0, 0, 0, 0, 0, 13, 1),
(39, 0, 0, 0, '', 0, 0, 0, 0, 0, 0, 14, 1),
(40, 0, 0, 0, '', 0, 0, 0, 0, 0, 0, 13, 1),
(41, 0, 0, 0, '', 0, 0, 0, 0, 0, 0, 13, 1),
(42, 0, 0, 0, '', 0, 0, 0, 0, 0, 0, 16, 1),
(43, 0, 0, 0, '', 0, 0, 0, 0, 0, 0, 13, 1),
(44, 0, 0, 0, 'Baraganor Boulevard 2', 0, 3, 0, 0, 0, 0, 33, 1),
(45, 0, 0, 0, '', 0, 0, 0, 0, 0, 0, 7, 1),
(46, 0, 0, 0, '', 0, 0, 0, 0, 0, 0, 7, 1),
(47, 0, 0, 0, '', 0, 0, 0, 0, 0, 0, 9, 1),
(48, 0, 0, 0, '', 0, 0, 0, 0, 0, 0, 9, 1),
(49, 0, 0, 0, '', 0, 0, 0, 0, 0, 0, 11, 1),
(50, 0, 0, 0, '', 0, 0, 0, 0, 0, 0, 9, 1),
(51, 0, 0, 0, '', 0, 0, 0, 0, 0, 0, 11, 1),
(52, 0, 0, 0, '', 0, 0, 0, 0, 0, 0, 9, 1),
(53, 0, 0, 0, '', 0, 0, 0, 0, 0, 0, 9, 1),
(54, 0, 0, 0, '', 0, 0, 0, 0, 0, 0, 11, 1),
(55, 0, 0, 0, '', 0, 0, 0, 0, 0, 0, 9, 1),
(56, 0, 0, 0, '', 0, 0, 0, 0, 0, 0, 9, 1),
(57, 0, 0, 0, '', 0, 0, 0, 0, 0, 0, 10, 1),
(58, 0, 0, 0, '', 0, 0, 0, 0, 0, 0, 10, 1),
(59, 0, 0, 0, '', 0, 0, 0, 0, 0, 0, 10, 1),
(60, 0, 0, 0, '', 0, 0, 0, 0, 0, 0, 13, 1),
(61, 0, 0, 0, '', 0, 0, 0, 0, 0, 0, 17, 1),
(62, 0, 0, 0, '', 0, 0, 0, 0, 0, 0, 13, 1),
(63, 0, 0, 0, '', 0, 0, 0, 0, 0, 0, 17, 1),
(64, 0, 0, 0, '', 0, 0, 0, 0, 0, 0, 13, 2),
(65, 0, 0, 0, '', 0, 0, 0, 0, 0, 0, 17, 1),
(66, 0, 0, 0, '', 0, 0, 0, 0, 0, 0, 16, 2),
(67, 0, 0, 0, '', 0, 0, 0, 0, 0, 0, 21, 1),
(68, 0, 0, 0, '', 0, 0, 0, 0, 0, 0, 23, 1),
(69, 0, 0, 0, '', 0, 0, 0, 0, 0, 0, 45, 1),
(70, 0, 0, 0, '', 0, 0, 0, 0, 0, 0, 18, 1),
(71, 0, 0, 0, '', 0, 0, 0, 0, 0, 0, 20, 1),
(72, 0, 0, 0, '', 0, 0, 0, 0, 0, 0, 28, 2),
(73, 0, 0, 0, '', 0, 0, 0, 0, 0, 0, 26, 1),
(74, 0, 0, 0, '', 0, 0, 0, 0, 0, 0, 30, 2),
(75, 0, 0, 0, '', 0, 0, 0, 0, 0, 0, 26, 1),
(76, 0, 0, 0, '', 0, 0, 0, 0, 0, 0, 36, 1),
(77, 0, 0, 0, '', 0, 0, 0, 0, 0, 0, 33, 1),
(78, 0, 0, 0, '', 0, 0, 0, 0, 0, 0, 33, 1),
(79, 0, 0, 0, '', 0, 0, 0, 0, 0, 0, 26, 1),
(80, 0, 0, 0, '', 0, 0, 0, 0, 0, 0, 35, 1),
(81, 0, 0, 0, '', 0, 0, 0, 0, 0, 0, 23, 1),
(82, 0, 0, 0, '', 0, 0, 0, 0, 0, 0, 50, 2),
(83, 0, 0, 0, '', 0, 0, 0, 0, 0, 0, 16, 1),
(84, 0, 0, 0, '', 0, 0, 0, 0, 0, 0, 29, 1),
(85, 0, 0, 0, '', 0, 0, 0, 0, 0, 0, 25, 2),
(86, 0, 0, 0, '', 0, 0, 0, 0, 0, 0, 26, 1),
(87, 0, 0, 0, '', 0, 0, 0, 0, 0, 0, 31, 1),
(88, 0, 0, 0, '', 0, 0, 0, 0, 0, 0, 37, 2),
(89, 0, 0, 0, '', 0, 0, 0, 0, 0, 0, 29, 1),
(90, 0, 0, 0, '', 0, 0, 0, 0, 0, 0, 21, 1),
(91, 0, 0, 0, '', 0, 0, 0, 0, 0, 0, 30, 2),
(92, 0, 0, 0, '', 0, 0, 0, 0, 0, 0, 30, 1),
(93, 0, 0, 0, '', 0, 0, 0, 0, 0, 0, 37, 1),
(94, 0, 0, 0, '', 0, 0, 0, 0, 0, 0, 26, 1),
(95, 0, 0, 0, '', 0, 0, 0, 0, 0, 0, 21, 1),
(96, 0, 0, 0, '', 0, 0, 0, 0, 0, 0, 21, 1),
(97, 0, 0, 0, '', 0, 0, 0, 0, 0, 0, 17, 1),
(98, 0, 0, 0, '', 0, 0, 0, 0, 0, 0, 17, 1),
(99, 0, 0, 0, '', 0, 0, 0, 0, 0, 0, 32, 1),
(100, 0, 0, 0, '', 0, 0, 0, 0, 0, 0, 13, 1),
(101, 0, 0, 0, '', 0, 0, 0, 0, 0, 0, 29, 2),
(102, 0, 0, 0, '', 0, 0, 0, 0, 0, 0, 35, 1),
(103, 0, 0, 0, '', 0, 0, 0, 0, 0, 0, 25, 1),
(104, 0, 0, 0, '', 0, 0, 0, 0, 0, 0, 37, 2),
(105, 0, 0, 0, '', 0, 0, 0, 0, 0, 0, 209, 8),
(106, 0, 0, 0, '', 0, 0, 0, 0, 0, 0, 21, 1),
(107, 0, 0, 0, '', 0, 0, 0, 0, 0, 0, 42, 1),
(108, 0, 0, 0, '', 0, 0, 0, 0, 0, 0, 24, 1),
(109, 0, 0, 0, '', 0, 0, 0, 0, 0, 0, 26, 1),
(110, 0, 0, 0, '', 0, 0, 0, 0, 0, 0, 28, 1),
(111, 0, 0, 0, '', 0, 0, 0, 0, 0, 0, 26, 2),
(112, 0, 0, 0, '', 0, 0, 0, 0, 0, 0, 24, 1),
(113, 0, 0, 0, '', 0, 0, 0, 0, 0, 0, 25, 2),
(114, 0, 0, 0, '', 0, 0, 0, 0, 0, 0, 25, 2),
(115, 0, 0, 0, '', 0, 0, 0, 0, 0, 0, 31, 2),
(116, 0, 0, 0, '', 0, 0, 0, 0, 0, 0, 47, 2),
(117, 0, 0, 0, '', 0, 0, 0, 0, 0, 0, 37, 2),
(118, 0, 0, 0, '', 0, 0, 0, 0, 0, 0, 98, 2),
(119, 0, 0, 0, '', 0, 0, 0, 0, 0, 0, 161, 10),
(120, 0, 0, 0, '', 0, 0, 0, 0, 0, 0, 202, 10),
(121, 0, 0, 0, '', 0, 0, 0, 0, 0, 0, 252, 10),
(122, 0, 0, 0, '', 0, 0, 0, 0, 0, 0, 55, 2),
(123, 0, 0, 0, '', 0, 0, 0, 0, 0, 0, 56, 2),
(124, 0, 0, 0, '', 0, 0, 0, 0, 0, 0, 33, 1),
(125, 0, 0, 0, '', 0, 0, 0, 0, 0, 0, 35, 2),
(126, 0, 0, 0, '', 0, 0, 0, 0, 0, 0, 25, 2),
(127, 0, 0, 0, '', 0, 0, 0, 0, 0, 0, 17, 1),
(128, 0, 0, 0, '', 0, 0, 0, 0, 0, 0, 37, 2),
(129, 0, 0, 0, '', 0, 0, 0, 0, 0, 0, 17, 1),
(130, 0, 0, 0, '', 0, 0, 0, 0, 0, 0, 17, 1),
(131, 0, 0, 0, '', 0, 0, 0, 0, 0, 0, 17, 1),
(132, 0, 0, 0, '', 0, 0, 0, 0, 0, 0, 34, 2),
(133, 0, 0, 0, '', 0, 0, 0, 0, 0, 0, 17, 1),
(134, 0, 0, 0, '', 0, 0, 0, 0, 0, 0, 17, 2),
(135, 0, 0, 0, '', 0, 0, 0, 0, 0, 0, 593, 18),
(136, 0, 0, 0, '', 0, 0, 0, 0, 0, 0, 25, 2),
(137, 0, 0, 0, '', 0, 0, 0, 0, 0, 0, 31, 3),
(138, 0, 0, 0, '', 0, 0, 0, 0, 0, 0, 31, 3),
(139, 0, 0, 0, '', 0, 0, 0, 0, 0, 0, 33, 3),
(140, 0, 0, 0, '', 0, 0, 0, 0, 0, 0, 43, 4),
(141, 0, 0, 0, '', 0, 0, 0, 0, 0, 0, 13, 1),
(142, 0, 0, 0, '', 0, 0, 0, 0, 0, 0, 31, 2),
(143, 0, 0, 0, '', 0, 0, 0, 0, 0, 0, 26, 3),
(144, 0, 0, 0, '', 0, 0, 0, 0, 0, 0, 27, 3),
(145, 0, 0, 0, '', 0, 0, 0, 0, 0, 0, 17, 2),
(146, 0, 0, 0, '', 0, 0, 0, 0, 0, 0, 13, 1),
(147, 0, 0, 0, '', 0, 0, 0, 0, 0, 0, 336, 10),
(148, 0, 0, 0, '', 0, 0, 0, 0, 0, 0, 17, 2),
(149, 0, 0, 0, '', 0, 0, 0, 0, 0, 0, 21, 2),
(150, 0, 0, 0, '', 0, 0, 0, 0, 0, 0, 31, 2),
(151, 0, 0, 0, '', 0, 0, 0, 0, 0, 0, 446, 20),
(152, 0, 0, 0, '', 0, 0, 0, 0, 0, 0, 10, 1),
(153, 0, 0, 0, '', 0, 0, 0, 0, 0, 0, 13, 1),
(154, 0, 0, 0, '', 0, 0, 0, 0, 0, 0, 13, 1),
(155, 0, 0, 0, '', 0, 0, 0, 0, 0, 0, 13, 1),
(156, 0, 0, 0, '', 0, 0, 0, 0, 0, 0, 9, 1),
(157, 0, 0, 0, '', 0, 0, 0, 0, 0, 0, 13, 1),
(158, 0, 0, 0, '', 0, 0, 0, 0, 0, 0, 9, 1),
(159, 0, 0, 0, '', 0, 0, 0, 0, 0, 0, 13, 1),
(160, 0, 0, 0, '', 0, 0, 0, 0, 0, 0, 9, 1),
(161, 0, 0, 0, '', 0, 0, 0, 0, 0, 0, 13, 1),
(162, 0, 0, 0, '', 0, 0, 0, 0, 0, 0, 9, 1),
(163, 0, 0, 0, '', 0, 0, 0, 0, 0, 0, 17, 2),
(164, 0, 0, 0, '', 0, 0, 0, 0, 0, 0, 15, 1),
(165, 0, 0, 0, '', 0, 0, 0, 0, 0, 0, 17, 2),
(166, 0, 0, 0, '', 0, 0, 0, 0, 0, 0, 17, 2),
(167, 0, 0, 0, '', 0, 0, 0, 0, 0, 0, 26, 2),
(168, 0, 0, 0, '', 0, 0, 0, 0, 0, 0, 28, 1),
(169, 0, 0, 0, '', 0, 0, 0, 0, 0, 0, 13, 1),
(170, 0, 0, 0, '', 0, 0, 0, 0, 0, 0, 21, 2),
(171, 0, 0, 0, '', 0, 0, 0, 0, 0, 0, 17, 1),
(172, 0, 0, 0, '', 0, 0, 0, 0, 0, 0, 20, 2),
(173, 0, 0, 0, '', 0, 0, 0, 0, 0, 0, 22, 2),
(174, 0, 0, 0, '', 0, 0, 0, 0, 0, 0, 16, 2),
(175, 0, 0, 0, '', 0, 0, 0, 0, 0, 0, 16, 2),
(176, 0, 0, 0, '', 0, 0, 0, 0, 0, 0, 26, 3),
(177, 0, 0, 0, '', 0, 0, 0, 0, 0, 0, 16, 2),
(178, 0, 0, 0, '', 0, 0, 0, 0, 0, 0, 27, 1),
(179, 0, 0, 0, '', 0, 0, 0, 0, 0, 0, 16, 1),
(180, 0, 0, 0, '', 0, 0, 0, 0, 0, 0, 9, 1),
(181, 0, 0, 0, '', 0, 0, 0, 0, 0, 0, 21, 2),
(182, 0, 0, 0, '', 0, 0, 0, 0, 0, 0, 16, 1),
(183, 0, 0, 0, '', 0, 0, 0, 0, 0, 0, 21, 2),
(184, 0, 0, 0, '', 0, 0, 0, 0, 0, 0, 25, 1),
(185, 0, 0, 0, '', 0, 0, 0, 0, 0, 0, 25, 1),
(186, 0, 0, 0, '', 0, 0, 0, 0, 0, 0, 13, 1),
(187, 0, 0, 0, '', 0, 0, 0, 0, 0, 0, 13, 1),
(188, 0, 0, 0, '', 0, 0, 0, 0, 0, 0, 27, 1),
(189, 0, 0, 0, '', 0, 0, 0, 0, 0, 0, 26, 2),
(190, 0, 0, 0, '', 0, 0, 0, 0, 0, 0, 401, 18),
(191, 0, 0, 0, '', 0, 0, 0, 0, 0, 0, 10, 1),
(192, 0, 0, 0, '', 0, 0, 0, 0, 0, 0, 10, 1),
(193, 0, 0, 0, '', 0, 0, 0, 0, 0, 0, 10, 1),
(194, 0, 0, 0, '', 0, 0, 0, 0, 0, 0, 10, 1),
(195, 0, 0, 0, '', 0, 0, 0, 0, 0, 0, 10, 1),
(196, 0, 0, 0, '', 0, 0, 0, 0, 0, 0, 10, 1),
(197, 0, 0, 0, '', 0, 0, 0, 0, 0, 0, 10, 1),
(198, 0, 0, 0, '', 0, 0, 0, 0, 0, 0, 10, 1),
(199, 0, 0, 0, '', 0, 0, 0, 0, 0, 0, 10, 1),
(200, 0, 0, 0, '', 0, 0, 0, 0, 0, 0, 10, 1),
(201, 0, 0, 0, '', 0, 0, 0, 0, 0, 0, 10, 1),
(202, 0, 0, 0, '', 0, 0, 0, 0, 0, 0, 10, 1),
(203, 0, 0, 0, '', 0, 0, 0, 0, 0, 0, 10, 1),
(204, 0, 0, 0, '', 0, 0, 0, 0, 0, 0, 10, 1),
(205, 0, 0, 0, '', 0, 0, 0, 0, 0, 0, 10, 1),
(206, 0, 0, 0, '', 0, 0, 0, 0, 0, 0, 10, 1),
(207, 0, 0, 0, '', 0, 0, 0, 0, 0, 0, 10, 1),
(208, 0, 0, 0, '', 0, 0, 0, 0, 0, 0, 10, 1),
(209, 0, 0, 0, '', 0, 0, 0, 0, 0, 0, 10, 1),
(210, 0, 0, 0, '', 0, 0, 0, 0, 0, 0, 10, 1),
(211, 0, 0, 0, 'Unnamed House #211', 0, 9, 0, 0, 0, 0, 466, 23),
(212, 0, 0, 0, 'Unnamed House #212', 0, 9, 0, 0, 0, 0, 464, 14),
(213, 0, 0, 0, 'Unnamed House #213', 0, 9, 0, 0, 0, 0, 401, 18),
(214, 0, 0, 0, 'Unnamed House #214', 0, 9, 0, 0, 0, 0, 245, 10),
(215, 0, 0, 0, 'Unnamed House #215', 0, 9, 0, 0, 0, 0, 26, 2),
(216, 0, 0, 0, 'Unnamed House #216', 0, 9, 0, 0, 0, 0, 17, 1),
(217, 0, 0, 0, 'Unnamed House #217', 0, 9, 0, 0, 0, 0, 17, 1),
(218, 0, 0, 0, 'Unnamed House #218', 0, 9, 0, 0, 0, 0, 21, 2),
(219, 0, 0, 0, 'Unnamed House #219', 0, 9, 0, 0, 0, 0, 17, 1),
(220, 0, 0, 0, 'Unnamed House #220', 0, 9, 0, 0, 0, 0, 16, 1),
(221, 0, 0, 0, 'Unnamed House #221', 0, 9, 0, 0, 0, 0, 26, 2),
(222, 0, 0, 0, 'Unnamed House #222', 0, 9, 0, 0, 0, 0, 30, 2),
(223, 0, 0, 0, 'Unnamed House #223', 0, 9, 0, 0, 0, 0, 10, 1),
(224, 0, 0, 0, 'Unnamed House #224', 0, 9, 0, 0, 0, 0, 10, 1),
(225, 0, 0, 0, 'Unnamed House #225', 0, 9, 0, 0, 0, 0, 10, 1),
(226, 0, 0, 0, 'Unnamed House #226', 0, 9, 0, 0, 0, 0, 10, 1),
(227, 0, 0, 0, 'Unnamed House #227', 0, 9, 0, 0, 0, 0, 10, 1),
(228, 0, 0, 0, 'Unnamed House #228', 0, 9, 0, 0, 0, 0, 16, 2),
(229, 0, 0, 0, 'Unnamed House #229', 0, 9, 0, 0, 0, 0, 10, 1),
(230, 0, 0, 0, 'Unnamed House #230', 0, 9, 0, 0, 0, 0, 10, 1),
(231, 0, 0, 0, 'Unnamed House #231', 0, 9, 0, 0, 0, 0, 16, 2),
(232, 0, 0, 0, 'Unnamed House #232', 0, 9, 0, 0, 0, 0, 10, 1),
(233, 0, 0, 0, 'Unnamed House #233', 0, 9, 0, 0, 0, 0, 10, 1),
(234, 0, 0, 0, 'Unnamed House #234', 0, 9, 0, 0, 0, 0, 16, 2),
(235, 0, 0, 0, 'Unnamed House #235', 0, 9, 0, 0, 0, 0, 73, 2),
(236, 0, 0, 0, 'Unnamed House #236', 0, 9, 0, 0, 0, 0, 80, 2),
(237, 0, 0, 0, 'Unnamed House #237', 0, 9, 0, 0, 0, 0, 101, 6),
(238, 0, 0, 0, 'Unnamed House #238', 0, 9, 0, 0, 0, 0, 60, 3),
(239, 0, 0, 0, 'Unnamed House #239', 0, 9, 0, 0, 0, 0, 31, 2),
(240, 0, 0, 0, 'Unnamed House #240', 0, 9, 0, 0, 0, 0, 37, 2),
(241, 0, 0, 0, 'Unnamed House #241', 0, 9, 0, 0, 0, 0, 37, 2),
(242, 0, 0, 0, 'Unnamed House #242', 0, 9, 0, 0, 0, 0, 37, 2),
(243, 0, 0, 0, 'Unnamed House #243', 0, 9, 0, 0, 0, 0, 21, 2),
(244, 0, 0, 0, 'Unnamed House #244', 0, 9, 0, 0, 0, 0, 21, 2),
(246, 0, 0, 0, 'Unnamed House #246', 0, 9, 0, 0, 0, 0, 37, 2),
(247, 0, 0, 0, 'Unnamed House #247', 0, 9, 0, 0, 0, 0, 37, 2),
(248, 0, 0, 0, 'Unnamed House #248', 0, 9, 0, 0, 0, 0, 37, 2),
(249, 0, 0, 0, 'Unnamed House #249', 0, 9, 0, 0, 0, 0, 37, 2),
(250, 0, 0, 0, 'Unnamed House #250', 0, 9, 0, 0, 0, 0, 31, 2),
(251, 0, 0, 0, 'Unnamed House #251', 0, 9, 0, 0, 0, 0, 31, 2),
(252, 0, 0, 0, 'Unnamed House #252', 0, 9, 0, 0, 0, 0, 130, 3),
(253, 0, 0, 0, 'Unnamed House #253', 0, 9, 0, 0, 0, 0, 130, 3),
(254, 0, 0, 0, 'Unnamed House #254', 0, 9, 0, 0, 0, 0, 33, 2),
(255, 0, 0, 0, 'Unnamed House #255', 0, 9, 0, 0, 0, 0, 32, 2),
(256, 0, 0, 0, 'Unnamed House #256', 0, 9, 0, 0, 0, 0, 30, 2),
(257, 0, 0, 0, 'Unnamed House #257', 0, 9, 0, 0, 0, 0, 30, 2),
(258, 0, 0, 0, 'Unnamed House #258', 0, 9, 0, 0, 0, 0, 31, 2),
(259, 0, 0, 0, 'Unnamed House #259', 0, 9, 0, 0, 0, 0, 31, 3),
(260, 0, 0, 0, 'Unnamed House #260', 0, 9, 0, 0, 0, 0, 37, 2),
(261, 0, 0, 0, 'Unnamed House #261', 0, 9, 0, 0, 0, 0, 37, 2),
(262, 0, 0, 0, 'Unnamed House #262', 0, 9, 0, 0, 0, 0, 94, 5),
(263, 0, 0, 0, 'Unnamed House #263', 0, 9, 0, 0, 0, 0, 94, 5),
(264, 0, 0, 0, 'Unnamed House #264', 0, 9, 0, 0, 0, 0, 94, 5),
(265, 0, 0, 0, 'Unnamed House #265', 0, 9, 0, 0, 0, 0, 102, 2),
(266, 0, 0, 0, 'Unnamed House #266', 0, 9, 0, 0, 0, 0, 109, 2),
(267, 0, 0, 0, 'Unnamed House #267', 0, 9, 0, 0, 0, 0, 109, 2),
(268, 0, 0, 0, 'Unnamed House #268', 0, 9, 0, 0, 0, 0, 10, 1),
(269, 0, 0, 0, 'Unnamed House #269', 0, 9, 0, 0, 0, 0, 10, 1),
(270, 0, 0, 0, 'Unnamed House #270', 0, 9, 0, 0, 0, 0, 10, 1),
(271, 0, 0, 0, 'Unnamed House #271', 0, 9, 0, 0, 0, 0, 10, 1),
(272, 0, 0, 0, 'Unnamed House #272', 0, 9, 0, 0, 0, 0, 10, 1),
(273, 0, 0, 0, 'Unnamed House #273', 0, 9, 0, 0, 0, 0, 10, 1),
(274, 0, 0, 0, 'Unnamed House #274', 0, 9, 0, 0, 0, 0, 10, 1),
(275, 0, 0, 0, 'Unnamed House #275', 0, 9, 0, 0, 0, 0, 19, 2),
(276, 0, 0, 0, 'Unnamed House #276', 0, 9, 0, 0, 0, 0, 36, 2),
(277, 0, 0, 0, 'Unnamed House #277', 0, 9, 0, 0, 0, 0, 36, 2),
(278, 0, 0, 0, 'Unnamed House #278', 0, 9, 0, 0, 0, 0, 10, 1),
(279, 0, 0, 0, 'Unnamed House #279', 0, 9, 0, 0, 0, 0, 10, 1),
(280, 0, 0, 0, 'Unnamed House #280', 0, 9, 0, 0, 0, 0, 10, 1),
(281, 0, 0, 0, 'Unnamed House #281', 0, 9, 0, 0, 0, 0, 10, 1),
(282, 0, 0, 0, 'Unnamed House #282', 0, 9, 0, 0, 0, 0, 10, 1),
(283, 0, 0, 0, 'Unnamed House #283', 0, 9, 0, 0, 0, 0, 10, 1),
(284, 0, 0, 0, 'Unnamed House #284', 0, 9, 0, 0, 0, 0, 10, 1),
(285, 0, 0, 0, 'Unnamed House #285', 0, 9, 0, 0, 0, 0, 10, 1),
(286, 0, 0, 0, 'Unnamed House #286', 0, 9, 0, 0, 0, 0, 10, 1),
(287, 0, 0, 0, 'Unnamed House #287', 0, 9, 0, 0, 0, 0, 10, 1),
(288, 0, 0, 0, 'Unnamed House #288', 0, 9, 0, 0, 0, 0, 10, 1),
(289, 0, 0, 0, 'Unnamed House #289', 0, 9, 0, 0, 0, 0, 19, 2),
(290, 0, 0, 0, 'Unnamed House #290', 0, 9, 0, 0, 0, 0, 10, 1),
(291, 0, 0, 0, 'Unnamed House #291', 0, 9, 0, 0, 0, 0, 10, 1),
(292, 0, 0, 0, 'Unnamed House #292', 0, 9, 0, 0, 0, 0, 10, 1),
(293, 0, 0, 0, 'Unnamed House #293', 0, 9, 0, 0, 0, 0, 10, 1),
(294, 0, 0, 0, 'Unnamed House #294', 0, 9, 0, 0, 0, 0, 164, 6),
(295, 0, 0, 0, 'Unnamed House #295', 0, 9, 0, 0, 0, 0, 13, 1),
(296, 0, 0, 0, 'Unnamed House #296', 0, 9, 0, 0, 0, 0, 13, 1),
(297, 0, 0, 0, 'Unnamed House #297', 0, 9, 0, 0, 0, 0, 13, 1),
(298, 0, 0, 0, 'Unnamed House #298', 0, 9, 0, 0, 0, 0, 13, 1),
(299, 0, 0, 0, 'Unnamed House #299', 0, 9, 0, 0, 0, 0, 12, 1),
(300, 0, 0, 0, 'Unnamed House #300', 0, 9, 0, 0, 0, 0, 13, 1),
(301, 0, 0, 0, 'Unnamed House #301', 0, 9, 0, 0, 0, 0, 13, 1),
(302, 0, 0, 0, 'Unnamed House #302', 0, 9, 0, 0, 0, 0, 13, 1),
(303, 0, 0, 0, 'Unnamed House #303', 0, 9, 0, 0, 0, 0, 13, 1),
(304, 0, 0, 0, 'Unnamed House #304', 0, 9, 0, 0, 0, 0, 42, 1),
(305, 0, 0, 0, 'Unnamed House #305', 0, 9, 0, 0, 0, 0, 42, 1),
(306, 0, 0, 0, 'Unnamed House #306', 0, 9, 0, 0, 0, 0, 42, 1),
(307, 0, 0, 0, 'Unnamed House #307', 0, 7, 0, 0, 0, 0, 25, 1),
(308, 0, 0, 0, 'Unnamed House #308', 0, 7, 0, 0, 0, 0, 38, 2),
(309, 0, 0, 0, 'Unnamed House #309', 0, 7, 0, 0, 0, 0, 25, 1),
(310, 0, 0, 0, 'Unnamed House #310', 0, 7, 0, 0, 0, 0, 25, 1),
(311, 0, 0, 0, 'Unnamed House #311', 0, 7, 0, 0, 0, 0, 38, 2),
(312, 0, 0, 0, 'Unnamed House #312', 0, 7, 0, 0, 0, 0, 38, 2),
(313, 0, 0, 0, 'Unnamed House #313', 0, 7, 0, 0, 0, 0, 42, 2),
(314, 0, 0, 0, 'Unnamed House #314', 0, 7, 0, 0, 0, 0, 42, 2),
(315, 0, 0, 0, 'Unnamed House #315', 0, 7, 0, 0, 0, 0, 38, 2),
(316, 0, 0, 0, 'Unnamed House #316', 0, 7, 0, 0, 0, 0, 25, 1),
(317, 0, 0, 0, 'Unnamed House #317', 0, 7, 0, 0, 0, 0, 42, 2),
(318, 0, 0, 0, 'Unnamed House #318', 0, 7, 0, 0, 0, 0, 25, 1),
(319, 0, 0, 0, 'Unnamed House #319', 0, 7, 0, 0, 0, 0, 25, 2),
(320, 0, 0, 0, 'Unnamed House #320', 0, 7, 0, 0, 0, 0, 42, 2),
(321, 0, 0, 0, 'Unnamed House #321', 0, 7, 0, 0, 0, 0, 59, 3),
(322, 0, 0, 0, 'Unnamed House #322', 0, 7, 0, 0, 0, 0, 25, 1),
(323, 0, 0, 0, 'Unnamed House #323', 0, 7, 0, 0, 0, 0, 42, 2),
(324, 0, 0, 0, 'Unnamed House #324', 0, 7, 0, 0, 0, 0, 42, 2),
(325, 0, 0, 0, 'Unnamed House #325', 0, 7, 0, 0, 0, 0, 25, 1),
(326, 0, 0, 0, 'Unnamed House #326', 0, 7, 0, 0, 0, 0, 25, 2),
(327, 0, 0, 0, 'Unnamed House #327', 0, 7, 0, 0, 0, 0, 25, 1),
(328, 0, 0, 0, 'Unnamed House #328', 0, 7, 0, 0, 0, 0, 25, 1),
(329, 0, 0, 0, 'Unnamed House #329', 0, 7, 0, 0, 0, 0, 59, 4),
(330, 0, 0, 0, 'Unnamed House #330', 0, 7, 0, 0, 0, 0, 59, 4),
(331, 0, 0, 0, 'Unnamed House #331', 0, 7, 0, 0, 0, 0, 25, 1),
(332, 0, 0, 0, 'Unnamed House #332', 0, 7, 0, 0, 0, 0, 25, 1),
(333, 0, 0, 0, 'Unnamed House #333', 0, 7, 0, 0, 0, 0, 58, 4),
(334, 0, 0, 0, 'Unnamed House #334', 0, 7, 0, 0, 0, 0, 67, 2),
(335, 0, 0, 0, 'Unnamed House #335', 0, 7, 0, 0, 0, 0, 248, 16),
(336, 0, 0, 0, 'Unnamed House #336', 0, 7, 0, 0, 0, 0, 202, 14),
(337, 0, 0, 0, 'Unnamed House #337', 0, 7, 0, 0, 0, 0, 59, 4),
(338, 0, 0, 0, 'Unnamed House #338', 0, 7, 0, 0, 0, 0, 25, 1),
(339, 0, 0, 0, 'Unnamed House #339', 0, 7, 0, 0, 0, 0, 25, 1),
(340, 0, 0, 0, 'Unnamed House #340', 0, 7, 0, 0, 0, 0, 25, 2),
(341, 0, 0, 0, 'Unnamed House #341', 0, 7, 0, 0, 0, 0, 25, 2),
(342, 0, 0, 0, 'Unnamed House #342', 0, 7, 0, 0, 0, 0, 42, 2),
(343, 0, 0, 0, 'Unnamed House #343', 0, 7, 0, 0, 0, 0, 42, 2),
(344, 0, 0, 0, 'Unnamed House #344', 0, 7, 0, 0, 0, 0, 25, 2),
(345, 0, 0, 0, 'Unnamed House #345', 0, 7, 0, 0, 0, 0, 59, 5),
(346, 0, 0, 0, 'Unnamed House #346', 0, 7, 0, 0, 0, 0, 25, 1),
(347, 0, 0, 0, 'Unnamed House #347', 0, 7, 0, 0, 0, 0, 25, 1),
(348, 0, 0, 0, 'Unnamed House #348', 0, 7, 0, 0, 0, 0, 13, 1),
(349, 0, 0, 0, 'Unnamed House #349', 0, 7, 0, 0, 0, 0, 29, 2),
(350, 0, 0, 0, 'Unnamed House #350', 0, 7, 0, 0, 0, 0, 13, 1),
(351, 0, 0, 0, 'Unnamed House #351', 0, 7, 0, 0, 0, 0, 29, 1),
(352, 0, 0, 0, 'Unnamed House #352', 0, 7, 0, 0, 0, 0, 25, 1),
(353, 0, 0, 0, 'Unnamed House #353', 0, 7, 0, 0, 0, 0, 13, 1),
(354, 0, 0, 0, 'Unnamed House #354', 0, 7, 0, 0, 0, 0, 29, 2),
(355, 0, 0, 0, 'Unnamed House #355', 0, 7, 0, 0, 0, 0, 17, 1),
(356, 0, 0, 0, 'Unnamed House #356', 0, 7, 0, 0, 0, 0, 25, 1),
(357, 0, 0, 0, 'Unnamed House #357', 0, 7, 0, 0, 0, 0, 17, 1),
(358, 0, 0, 0, 'Unnamed House #358', 0, 7, 0, 0, 0, 0, 29, 1),
(359, 0, 0, 0, 'Unnamed House #359', 0, 7, 0, 0, 0, 0, 13, 1),
(360, 0, 0, 0, 'Unnamed House #360', 0, 7, 0, 0, 0, 0, 25, 1),
(361, 0, 0, 0, 'Unnamed House #361', 0, 7, 0, 0, 0, 0, 25, 2),
(362, 0, 0, 0, 'Unnamed House #362', 0, 7, 0, 0, 0, 0, 25, 1),
(363, 0, 0, 0, 'Unnamed House #363', 0, 7, 0, 0, 0, 0, 38, 2),
(364, 0, 0, 0, 'Unnamed House #364', 0, 7, 0, 0, 0, 0, 25, 2),
(365, 0, 0, 0, 'Unnamed House #365', 0, 7, 0, 0, 0, 0, 38, 2),
(366, 0, 0, 0, 'Unnamed House #366', 0, 7, 0, 0, 0, 0, 55, 5),
(367, 0, 0, 0, 'Unnamed House #367', 0, 7, 0, 0, 0, 0, 25, 1),
(368, 0, 0, 0, 'Unnamed House #368', 0, 7, 0, 0, 0, 0, 25, 2),
(369, 0, 0, 0, 'Unnamed House #369', 0, 7, 0, 0, 0, 0, 55, 3),
(370, 0, 0, 0, 'Unnamed House #370', 0, 7, 0, 0, 0, 0, 53, 2),
(371, 0, 0, 0, 'Unnamed House #371', 0, 7, 0, 0, 0, 0, 73, 2),
(372, 0, 0, 0, 'Unnamed House #372', 0, 7, 0, 0, 0, 0, 100, 3),
(373, 0, 0, 0, 'Unnamed House #373', 0, 7, 0, 0, 0, 0, 61, 2),
(374, 0, 0, 0, 'Unnamed House #374', 0, 7, 0, 0, 0, 0, 57, 2),
(375, 0, 0, 0, 'Unnamed House #375', 0, 7, 0, 0, 0, 0, 38, 2),
(376, 0, 0, 0, 'Unnamed House #376', 0, 7, 0, 0, 0, 0, 42, 2),
(377, 0, 0, 0, 'Unnamed House #377', 0, 7, 0, 0, 0, 0, 42, 2),
(378, 0, 0, 0, 'Unnamed House #378', 0, 7, 0, 0, 0, 0, 38, 2),
(379, 0, 0, 0, 'Unnamed House #379', 0, 7, 0, 0, 0, 0, 112, 4),
(426, 0, 0, 0, '', 0, 0, 0, 0, 0, 0, 132, 3),
(427, 0, 0, 0, '', 0, 0, 0, 0, 0, 0, 355, 17),
(428, 0, 0, 0, '', 0, 0, 0, 0, 0, 0, 26, 1),
(429, 0, 0, 0, '', 0, 0, 0, 0, 0, 0, 45, 2),
(430, 0, 0, 0, '', 0, 0, 0, 0, 0, 0, 59, 4),
(431, 0, 0, 0, '', 0, 0, 0, 0, 0, 0, 26, 2),
(432, 0, 0, 0, '', 0, 0, 0, 0, 0, 0, 26, 2),
(433, 0, 0, 0, '', 0, 0, 0, 0, 0, 0, 26, 2),
(434, 0, 0, 0, '', 0, 0, 0, 0, 0, 0, 26, 2),
(435, 0, 0, 0, '', 0, 0, 0, 0, 0, 0, 21, 2),
(436, 0, 0, 0, '', 0, 0, 0, 0, 0, 0, 21, 2),
(437, 0, 0, 0, '', 0, 0, 0, 0, 0, 0, 21, 2),
(438, 0, 0, 0, '', 0, 0, 0, 0, 0, 0, 21, 2),
(439, 0, 0, 0, '', 0, 0, 0, 0, 0, 0, 21, 2),
(440, 0, 0, 0, '', 0, 0, 0, 0, 0, 0, 21, 2),
(441, 0, 0, 0, '', 0, 0, 0, 0, 0, 0, 13, 1),
(442, 0, 0, 0, '', 0, 0, 0, 0, 0, 0, 13, 1),
(443, 0, 0, 0, '', 0, 0, 0, 0, 0, 0, 13, 1),
(444, 0, 0, 0, '', 0, 0, 0, 0, 0, 0, 13, 1),
(445, 0, 0, 0, '', 0, 0, 0, 0, 0, 0, 13, 1),
(446, 0, 0, 0, '', 0, 0, 0, 0, 0, 0, 13, 1),
(447, 0, 0, 0, '', 0, 0, 0, 0, 0, 0, 17, 2),
(448, 0, 0, 0, '', 0, 0, 0, 0, 0, 0, 13, 1),
(449, 0, 0, 0, '', 0, 0, 0, 0, 0, 0, 17, 2),
(450, 0, 0, 0, '', 0, 0, 0, 0, 0, 0, 13, 1),
(451, 0, 0, 0, '', 0, 0, 0, 0, 0, 0, 17, 2),
(452, 0, 0, 0, '', 0, 0, 0, 0, 0, 0, 13, 1),
(453, 0, 0, 0, '', 0, 0, 0, 0, 0, 0, 17, 2),
(454, 0, 0, 0, '', 0, 0, 0, 0, 0, 0, 13, 1),
(455, 0, 0, 0, '', 0, 0, 0, 0, 0, 0, 19, 2),
(456, 0, 0, 0, '', 0, 0, 0, 0, 0, 0, 31, 3),
(457, 0, 0, 0, '', 0, 0, 0, 0, 0, 0, 55, 3),
(458, 0, 0, 0, '', 0, 0, 0, 0, 0, 0, 349, 16),
(459, 0, 0, 0, '', 0, 0, 0, 0, 0, 0, 75, 4),
(460, 0, 0, 0, '', 0, 0, 0, 0, 0, 0, 73, 4),
(461, 0, 0, 0, '', 0, 0, 0, 0, 0, 0, 22, 0),
(462, 0, 0, 0, '', 0, 0, 0, 0, 0, 0, 13, 1),
(463, 0, 0, 0, '', 0, 0, 0, 0, 0, 0, 13, 1),
(464, 0, 0, 0, '', 0, 0, 0, 0, 0, 0, 237, 3),
(465, 0, 0, 0, '', 0, 0, 0, 0, 0, 0, 173, 2),
(466, 0, 0, 0, '', 0, 0, 0, 0, 0, 0, 209, 2),
(467, 0, 0, 0, '', 0, 0, 0, 0, 0, 0, 185, 4),
(468, 0, 0, 0, '', 0, 0, 0, 0, 0, 0, 383, 4),
(469, 0, 0, 0, '', 0, 0, 0, 0, 0, 0, 232, 2),
(470, 0, 0, 0, '', 0, 0, 0, 0, 0, 0, 230, 2),
(471, 0, 0, 0, '', 0, 0, 0, 0, 0, 0, 245, 4),
(472, 0, 0, 0, '', 0, 0, 0, 0, 0, 0, 297, 2),
(473, 0, 0, 0, '', 0, 0, 0, 0, 0, 0, 249, 4),
(474, 0, 0, 0, '', 0, 0, 0, 0, 0, 0, 220, 3),
(475, 0, 0, 0, '', 0, 0, 0, 0, 0, 0, 305, 5),
(476, 0, 0, 0, '', 0, 0, 0, 0, 0, 0, 238, 4),
(477, 0, 0, 0, '', 0, 0, 0, 0, 0, 0, 155, 2),
(478, 0, 0, 0, '', 0, 0, 0, 0, 0, 0, 219, 2),
(479, 0, 0, 0, '', 0, 0, 0, 0, 0, 0, 301, 3),
(480, 0, 0, 0, '', 0, 0, 0, 0, 0, 0, 868, 27),
(481, 0, 0, 0, '', 0, 0, 0, 0, 0, 0, 904, 33),
(482, 0, 0, 0, '', 0, 0, 0, 0, 0, 0, 692, 33),
(483, 0, 0, 0, '', 0, 0, 0, 0, 0, 0, 13, 1),
(484, 0, 0, 0, '', 0, 0, 0, 0, 0, 0, 13, 1),
(485, 0, 0, 0, '', 0, 0, 0, 0, 0, 0, 21, 2),
(486, 0, 0, 0, '', 0, 0, 0, 0, 0, 0, 17, 2),
(487, 0, 0, 0, '', 0, 0, 0, 0, 0, 0, 21, 2),
(488, 0, 0, 0, '', 0, 0, 0, 0, 0, 0, 50, 1),
(489, 0, 0, 0, '', 0, 0, 0, 0, 0, 0, 623, 21),
(490, 0, 0, 0, '', 0, 0, 0, 0, 0, 0, 724, 26),
(491, 0, 0, 0, '', 0, 0, 0, 0, 0, 0, 198, 10),
(492, 0, 0, 0, '', 0, 0, 0, 0, 0, 0, 203, 10),
(493, 0, 0, 0, '', 0, 0, 0, 0, 0, 0, 432, 15),
(494, 0, 0, 0, '', 0, 0, 0, 0, 0, 0, 358, 18),
(495, 0, 0, 0, '', 0, 0, 0, 0, 0, 0, 17, 1),
(496, 0, 0, 0, '', 0, 0, 0, 0, 0, 0, 115, 24),
(497, 0, 0, 0, '', 0, 0, 0, 0, 0, 0, 560, 22),
(498, 0, 0, 0, '', 0, 0, 0, 0, 0, 0, 308, 11),
(499, 0, 0, 0, '', 0, 0, 0, 0, 0, 0, 190, 10),
(500, 0, 0, 0, '', 0, 0, 0, 0, 0, 0, 37, 3),
(501, 0, 0, 0, '', 0, 0, 0, 0, 0, 0, 13, 1),
(502, 0, 0, 0, '', 0, 0, 0, 0, 0, 0, 13, 1),
(503, 0, 0, 0, '', 0, 0, 0, 0, 0, 0, 13, 1),
(504, 0, 0, 0, '', 0, 0, 0, 0, 0, 0, 13, 1),
(505, 0, 0, 0, '', 0, 0, 0, 0, 0, 0, 70, 2),
(506, 0, 0, 0, '', 0, 0, 0, 0, 0, 0, 141, 4),
(507, 0, 0, 0, '', 0, 0, 0, 0, 0, 0, 21, 1),
(508, 0, 0, 0, '', 0, 0, 0, 0, 0, 0, 30, 1),
(509, 0, 0, 0, '', 0, 0, 0, 0, 0, 0, 297, 12),
(510, 0, 0, 0, '', 0, 0, 0, 0, 0, 0, 13, 1),
(511, 0, 0, 0, '', 0, 0, 0, 0, 0, 0, 13, 1),
(512, 0, 0, 0, '', 0, 0, 0, 0, 0, 0, 26, 2),
(513, 0, 0, 0, '', 0, 0, 0, 0, 0, 0, 26, 2),
(514, 0, 0, 0, '', 0, 0, 0, 0, 0, 0, 78, 2),
(515, 0, 0, 0, '', 0, 0, 0, 0, 0, 0, 55, 4),
(516, 0, 0, 0, '', 0, 0, 0, 0, 0, 0, 218, 7),
(517, 0, 0, 0, '', 0, 0, 0, 0, 0, 0, 71, 2),
(519, 0, 0, 0, '', 0, 0, 0, 0, 0, 0, 385, 23),
(520, 0, 0, 0, '', 0, 0, 0, 0, 0, 0, 308, 16),
(521, 0, 0, 0, '', 0, 0, 0, 0, 0, 0, 346, 17),
(522, 0, 0, 0, '', 0, 0, 0, 0, 0, 0, 309, 18),
(523, 0, 0, 0, '', 0, 0, 0, 0, 0, 0, 10, 1),
(524, 0, 0, 0, '', 0, 0, 0, 0, 0, 0, 10, 1),
(525, 0, 0, 0, '', 0, 0, 0, 0, 0, 0, 10, 1),
(526, 0, 0, 0, '', 0, 0, 0, 0, 0, 0, 10, 1),
(527, 0, 0, 0, '', 0, 0, 0, 0, 0, 0, 10, 1),
(528, 0, 0, 0, '', 0, 0, 0, 0, 0, 0, 10, 1),
(529, 0, 0, 0, '', 0, 0, 0, 0, 0, 0, 10, 1),
(530, 0, 0, 0, '', 0, 0, 0, 0, 0, 0, 10, 1),
(531, 0, 0, 0, '', 0, 0, 0, 0, 0, 0, 10, 1),
(532, 0, 0, 0, '', 0, 0, 0, 0, 0, 0, 10, 1),
(533, 0, 0, 0, '', 0, 0, 0, 0, 0, 0, 10, 1),
(534, 0, 0, 0, '', 0, 0, 0, 0, 0, 0, 10, 1),
(535, 0, 0, 0, '', 0, 0, 0, 0, 0, 0, 10, 1),
(536, 0, 0, 0, '', 0, 0, 0, 0, 0, 0, 10, 1),
(537, 0, 0, 0, '', 0, 0, 0, 0, 0, 0, 10, 1),
(538, 0, 0, 0, '', 0, 0, 0, 0, 0, 0, 10, 1),
(539, 0, 0, 0, '', 0, 0, 0, 0, 0, 0, 10, 1),
(540, 0, 0, 0, '', 0, 0, 0, 0, 0, 0, 10, 1),
(541, 0, 0, 0, '', 0, 0, 0, 0, 0, 0, 10, 1),
(542, 0, 0, 0, '', 0, 0, 0, 0, 0, 0, 10, 1),
(543, 0, 0, 0, '', 0, 0, 0, 0, 0, 0, 10, 1),
(544, 0, 0, 0, '', 0, 0, 0, 0, 0, 0, 10, 1),
(545, 0, 0, 0, '', 0, 0, 0, 0, 0, 0, 10, 1),
(546, 0, 0, 0, '', 0, 0, 0, 0, 0, 0, 10, 1),
(547, 0, 0, 0, '', 0, 0, 0, 0, 0, 0, 21, 2),
(548, 0, 0, 0, '', 0, 0, 0, 0, 0, 0, 21, 2),
(549, 0, 0, 0, '', 0, 0, 0, 0, 0, 0, 27, 3),
(550, 0, 0, 0, '', 0, 0, 0, 0, 0, 0, 27, 3),
(551, 0, 0, 0, '', 0, 0, 0, 0, 0, 0, 14, 2),
(552, 0, 0, 0, '', 0, 0, 0, 0, 0, 0, 15, 2),
(553, 0, 0, 0, '', 0, 0, 0, 0, 0, 0, 21, 2),
(554, 0, 0, 0, '', 0, 0, 0, 0, 0, 0, 21, 2),
(555, 0, 0, 0, '', 0, 0, 0, 0, 0, 0, 16, 2),
(556, 0, 0, 0, '', 0, 0, 0, 0, 0, 0, 16, 2),
(557, 0, 0, 0, '', 0, 0, 0, 0, 0, 0, 30, 3),
(558, 0, 0, 0, '', 0, 0, 0, 0, 0, 0, 30, 3),
(559, 0, 0, 0, '', 0, 0, 0, 0, 0, 0, 21, 2),
(564, 0, 0, 0, '', 0, 0, 0, 0, 0, 0, 37, 3),
(565, 0, 0, 0, '', 0, 0, 0, 0, 0, 0, 37, 3),
(566, 0, 0, 0, '', 0, 0, 0, 0, 0, 0, 37, 3),
(567, 0, 0, 0, '', 0, 0, 0, 0, 0, 0, 17, 1),
(568, 0, 0, 0, '', 0, 0, 0, 0, 0, 0, 17, 1),
(569, 0, 0, 0, '', 0, 0, 0, 0, 0, 0, 17, 1),
(570, 0, 0, 0, '', 0, 0, 0, 0, 0, 0, 17, 1),
(571, 0, 0, 0, '', 0, 0, 0, 0, 0, 0, 17, 1),
(572, 0, 0, 0, '', 0, 0, 0, 0, 0, 0, 17, 1),
(573, 0, 0, 0, '', 0, 0, 0, 0, 0, 0, 26, 2),
(574, 0, 0, 0, '', 0, 0, 0, 0, 0, 0, 26, 2),
(575, 0, 0, 0, '', 0, 0, 0, 0, 0, 0, 26, 2),
(576, 0, 0, 0, '', 0, 0, 0, 0, 0, 0, 26, 2),
(577, 0, 0, 0, '', 0, 0, 0, 0, 0, 0, 42, 3),
(578, 0, 0, 0, '', 0, 0, 0, 0, 0, 0, 7, 1),
(579, 0, 0, 0, '', 0, 0, 0, 0, 0, 0, 7, 1),
(580, 0, 0, 0, '', 0, 0, 0, 0, 0, 0, 7, 1),
(581, 0, 0, 0, '', 0, 0, 0, 0, 0, 0, 7, 1),
(582, 0, 0, 0, '', 0, 0, 0, 0, 0, 0, 7, 1),
(583, 0, 0, 0, '', 0, 0, 0, 0, 0, 0, 7, 1),
(584, 0, 0, 0, '', 0, 0, 0, 0, 0, 0, 7, 1),
(585, 0, 0, 0, '', 0, 0, 0, 0, 0, 0, 7, 1),
(586, 0, 0, 0, '', 0, 0, 0, 0, 0, 0, 7, 1),
(587, 0, 0, 0, '', 0, 0, 0, 0, 0, 0, 7, 1),
(588, 0, 0, 0, '', 0, 0, 0, 0, 0, 0, 7, 1),
(589, 0, 0, 0, '', 0, 0, 0, 0, 0, 0, 16, 2),
(590, 0, 0, 0, '', 0, 0, 0, 0, 0, 0, 358, 16),
(591, 0, 0, 0, 'Unnamed House #591', 0, 6, 0, 0, 0, 0, 21, 1),
(592, 0, 0, 0, 'Unnamed House #592', 0, 6, 0, 0, 0, 0, 26, 2),
(593, 0, 0, 0, 'Unnamed House #593', 0, 6, 0, 0, 0, 0, 21, 1),
(594, 0, 0, 0, 'Unnamed House #594', 0, 6, 0, 0, 0, 0, 17, 1),
(595, 0, 0, 0, 'Unnamed House #595', 0, 6, 0, 0, 0, 0, 39, 3),
(596, 0, 0, 0, 'Unnamed House #596', 0, 6, 0, 0, 0, 0, 21, 1),
(597, 0, 0, 0, 'Unnamed House #597', 0, 6, 0, 0, 0, 0, 26, 2),
(598, 0, 0, 0, 'Unnamed House #598', 0, 6, 0, 0, 0, 0, 21, 1),
(599, 0, 0, 0, 'Unnamed House #599', 0, 6, 0, 0, 0, 0, 17, 1),
(600, 0, 0, 0, 'Unnamed House #600', 0, 6, 0, 0, 0, 0, 37, 2),
(601, 0, 0, 0, 'Unnamed House #601', 0, 6, 0, 0, 0, 0, 17, 1),
(602, 0, 0, 0, 'Unnamed House #602', 0, 6, 0, 0, 0, 0, 17, 1),
(603, 0, 0, 0, 'Unnamed House #603', 0, 6, 0, 0, 0, 0, 26, 2),
(604, 0, 0, 0, 'Unnamed House #604', 0, 6, 0, 0, 0, 0, 37, 2),
(605, 0, 0, 0, 'Unnamed House #605', 0, 6, 0, 0, 0, 0, 7, 1),
(607, 0, 0, 0, 'Unnamed House #607', 0, 6, 0, 0, 0, 0, 17, 1),
(608, 0, 0, 0, 'Unnamed House #608', 0, 6, 0, 0, 0, 0, 26, 2),
(609, 0, 0, 0, 'Unnamed House #609', 0, 6, 0, 0, 0, 0, 21, 2),
(610, 0, 0, 0, 'Unnamed House #610', 0, 6, 0, 0, 0, 0, 26, 1),
(611, 0, 0, 0, 'Unnamed House #611', 0, 6, 0, 0, 0, 0, 21, 1),
(612, 0, 0, 0, 'Unnamed House #612', 0, 6, 0, 0, 0, 0, 17, 1),
(613, 0, 0, 0, 'Unnamed House #613', 0, 6, 0, 0, 0, 0, 31, 2),
(614, 0, 0, 0, 'Unnamed House #614', 0, 6, 0, 0, 0, 0, 7, 1),
(615, 0, 0, 0, 'Unnamed House #615', 0, 6, 0, 0, 0, 0, 37, 2),
(616, 0, 0, 0, 'Unnamed House #616', 0, 6, 0, 0, 0, 0, 37, 1),
(617, 0, 0, 0, 'Unnamed House #617', 0, 6, 0, 0, 0, 0, 37, 2),
(618, 0, 0, 0, 'Unnamed House #618', 0, 6, 0, 0, 0, 0, 37, 3),
(619, 0, 0, 0, 'Unnamed House #619', 0, 6, 0, 0, 0, 0, 34, 2),
(620, 0, 0, 0, 'Unnamed House #620', 0, 6, 0, 0, 0, 0, 34, 2),
(621, 0, 0, 0, 'Unnamed House #621', 0, 6, 0, 0, 0, 0, 26, 2),
(622, 0, 0, 0, 'Unnamed House #622', 0, 6, 0, 0, 0, 0, 37, 2),
(623, 0, 0, 0, 'Unnamed House #623', 0, 6, 0, 0, 0, 0, 17, 1),
(624, 0, 0, 0, 'Unnamed House #624', 0, 6, 0, 0, 0, 0, 17, 1),
(625, 0, 0, 0, 'Unnamed House #625', 0, 6, 0, 0, 0, 0, 26, 1),
(626, 0, 0, 0, 'Unnamed House #626', 0, 6, 0, 0, 0, 0, 17, 2),
(627, 0, 0, 0, 'Unnamed House #627', 0, 6, 0, 0, 0, 0, 17, 2),
(628, 0, 0, 0, 'Unnamed House #628', 0, 6, 0, 0, 0, 0, 17, 1),
(629, 0, 0, 0, 'Unnamed House #629', 0, 6, 0, 0, 0, 0, 17, 1),
(630, 0, 0, 0, 'Unnamed House #630', 0, 6, 0, 0, 0, 0, 26, 2),
(631, 0, 0, 0, 'Unnamed House #631', 0, 6, 0, 0, 0, 0, 26, 1),
(632, 0, 0, 0, 'Unnamed House #632', 0, 6, 0, 0, 0, 0, 34, 2),
(633, 0, 0, 0, 'Unnamed House #633', 0, 6, 0, 0, 0, 0, 17, 1),
(634, 0, 0, 0, 'Unnamed House #634', 0, 6, 0, 0, 0, 0, 17, 1),
(635, 0, 0, 0, 'Unnamed House #635', 0, 6, 0, 0, 0, 0, 17, 1),
(636, 0, 0, 0, 'Unnamed House #636', 0, 6, 0, 0, 0, 0, 32, 2),
(637, 0, 0, 0, 'Unnamed House #637', 0, 6, 0, 0, 0, 0, 7, 1),
(638, 0, 0, 0, 'Unnamed House #638', 0, 6, 0, 0, 0, 0, 31, 2),
(639, 0, 0, 0, 'Unnamed House #639', 0, 6, 0, 0, 0, 0, 7, 1),
(640, 0, 0, 0, 'Unnamed House #640', 0, 6, 0, 0, 0, 0, 10, 1),
(641, 0, 0, 0, 'Unnamed House #641', 0, 6, 0, 0, 0, 0, 10, 1),
(642, 0, 0, 0, 'Unnamed House #642', 0, 6, 0, 0, 0, 0, 10, 1),
(643, 0, 0, 0, 'Unnamed House #643', 0, 6, 0, 0, 0, 0, 20, 1),
(644, 0, 0, 0, 'Unnamed House #644', 0, 6, 0, 0, 0, 0, 31, 2),
(645, 0, 0, 0, 'Unnamed House #645', 0, 6, 0, 0, 0, 0, 37, 2),
(646, 0, 0, 0, 'Unnamed House #646', 0, 6, 0, 0, 0, 0, 31, 2),
(647, 0, 0, 0, 'Unnamed House #647', 0, 6, 0, 0, 0, 0, 26, 2),
(648, 0, 0, 0, 'Unnamed House #648', 0, 6, 0, 0, 0, 0, 23, 2),
(649, 0, 0, 0, 'Unnamed House #649', 0, 6, 0, 0, 0, 0, 30, 2),
(650, 0, 0, 0, 'Unnamed House #650', 0, 6, 0, 0, 0, 0, 17, 1),
(651, 0, 0, 0, 'Unnamed House #651', 0, 6, 0, 0, 0, 0, 31, 2),
(652, 0, 0, 0, 'Unnamed House #652', 0, 6, 0, 0, 0, 0, 43, 3),
(653, 0, 0, 0, 'Unnamed House #653', 0, 6, 0, 0, 0, 0, 71, 3),
(654, 0, 0, 0, 'Unnamed House #654', 0, 6, 0, 0, 0, 0, 10, 1),
(655, 0, 0, 0, 'Unnamed House #655', 0, 6, 0, 0, 0, 0, 43, 3),
(656, 0, 0, 0, 'Unnamed House #656', 0, 6, 0, 0, 0, 0, 31, 2),
(657, 0, 0, 0, 'Unnamed House #657', 0, 6, 0, 0, 0, 0, 31, 2),
(658, 0, 0, 0, 'Unnamed House #658', 0, 6, 0, 0, 0, 0, 21, 1),
(659, 0, 0, 0, 'Unnamed House #659', 0, 6, 0, 0, 0, 0, 21, 1),
(660, 0, 0, 0, 'Unnamed House #660', 0, 6, 0, 0, 0, 0, 56, 3),
(661, 0, 0, 0, 'Unnamed House #661', 0, 6, 0, 0, 0, 0, 61, 3),
(662, 0, 0, 0, 'Unnamed House #662', 0, 6, 0, 0, 0, 0, 52, 4),
(663, 0, 0, 0, 'Unnamed House #663', 0, 6, 0, 0, 0, 0, 17, 1),
(664, 0, 0, 0, 'Unnamed House #664', 0, 6, 0, 0, 0, 0, 7, 1),
(665, 0, 0, 0, 'Unnamed House #665', 0, 6, 0, 0, 0, 0, 9, 1),
(666, 0, 0, 0, 'Unnamed House #666', 0, 6, 0, 0, 0, 0, 9, 1),
(667, 0, 0, 0, 'Unnamed House #667', 0, 6, 0, 0, 0, 0, 7, 1),
(668, 0, 0, 0, 'Unnamed House #668', 0, 6, 0, 0, 0, 0, 31, 2),
(669, 0, 0, 0, 'Unnamed House #669', 0, 6, 0, 0, 0, 0, 53, 3),
(670, 0, 0, 0, 'Unnamed House #670', 0, 6, 0, 0, 0, 0, 26, 2),
(671, 0, 0, 0, 'Unnamed House #671', 0, 6, 0, 0, 0, 0, 28, 3),
(672, 0, 0, 0, 'Unnamed House #672', 0, 6, 0, 0, 0, 0, 26, 1),
(673, 0, 0, 0, 'Unnamed House #673', 0, 6, 0, 0, 0, 0, 26, 2),
(674, 0, 0, 0, 'Unnamed House #674', 0, 6, 0, 0, 0, 0, 28, 2),
(675, 0, 0, 0, 'Unnamed House #675', 0, 6, 0, 0, 0, 0, 21, 2),
(676, 0, 0, 0, 'Unnamed House #676', 0, 6, 0, 0, 0, 0, 21, 1),
(677, 0, 0, 0, 'Unnamed House #677', 0, 6, 0, 0, 0, 0, 56, 3),
(678, 0, 0, 0, 'Unnamed House #678', 0, 6, 0, 0, 0, 0, 10, 1),
(679, 0, 0, 0, 'Unnamed House #679', 0, 6, 0, 0, 0, 0, 41, 3),
(680, 0, 0, 0, 'Unnamed House #680', 0, 6, 0, 0, 0, 0, 95, 8),
(681, 0, 0, 0, 'Unnamed House #681', 0, 6, 0, 0, 0, 0, 31, 2),
(682, 0, 0, 0, 'Unnamed House #682', 0, 6, 0, 0, 0, 0, 57, 3),
(683, 0, 0, 0, 'Unnamed House #683', 0, 6, 0, 0, 0, 0, 32, 2),
(684, 0, 0, 0, 'Unnamed House #684', 0, 6, 0, 0, 0, 0, 56, 3),
(685, 0, 0, 0, 'Unnamed House #685', 0, 6, 0, 0, 0, 0, 19, 1),
(686, 0, 0, 0, 'Unnamed House #686', 0, 6, 0, 0, 0, 0, 32, 2),
(687, 0, 0, 0, 'Unnamed House #687', 0, 6, 0, 0, 0, 0, 7, 1),
(688, 0, 0, 0, 'Unnamed House #688', 0, 6, 0, 0, 0, 0, 43, 4),
(689, 0, 0, 0, 'Unnamed House #689', 0, 6, 0, 0, 0, 0, 38, 3),
(690, 0, 0, 0, 'Unnamed House #690', 0, 6, 0, 0, 0, 0, 32, 3),
(691, 0, 0, 0, 'Unnamed House #691', 0, 6, 0, 0, 0, 0, 37, 1),
(692, 0, 0, 0, 'Unnamed House #692', 0, 6, 0, 0, 0, 0, 32, 2),
(693, 0, 0, 0, 'Unnamed House #693', 0, 6, 0, 0, 0, 0, 31, 2),
(694, 0, 0, 0, 'Unnamed House #694', 0, 6, 0, 0, 0, 0, 17, 1),
(695, 0, 0, 0, 'Unnamed House #695', 0, 6, 0, 0, 0, 0, 17, 1),
(696, 0, 0, 0, 'Unnamed House #696', 0, 6, 0, 0, 0, 0, 17, 1),
(697, 0, 0, 0, 'Unnamed House #697', 0, 6, 0, 0, 0, 0, 17, 1),
(698, 0, 0, 0, 'Unnamed House #698', 0, 6, 0, 0, 0, 0, 26, 2),
(699, 0, 0, 0, 'Unnamed House #699', 0, 6, 0, 0, 0, 0, 207, 14),
(700, 0, 0, 0, 'Unnamed House #700', 0, 6, 0, 0, 0, 0, 124, 16),
(701, 0, 0, 0, 'Unnamed House #701', 0, 6, 0, 0, 0, 0, 11, 1),
(702, 0, 0, 0, 'Unnamed House #702', 0, 6, 0, 0, 0, 0, 11, 1),
(703, 0, 0, 0, 'Unnamed House #703', 0, 6, 0, 0, 0, 0, 11, 1),
(704, 0, 0, 0, 'Unnamed House #704', 0, 6, 0, 0, 0, 0, 11, 1),
(705, 0, 0, 0, 'Unnamed House #705', 0, 6, 0, 0, 0, 0, 123, 10),
(706, 0, 0, 0, 'Unnamed House #706', 0, 9, 0, 0, 0, 0, 42, 2),
(707, 0, 0, 0, 'Unnamed House #707', 0, 9, 0, 0, 0, 0, 193, 14),
(708, 0, 0, 0, 'Unnamed House #708', 0, 9, 0, 0, 0, 0, 26, 2),
(709, 0, 0, 0, 'Unnamed House #709', 0, 9, 0, 0, 0, 0, 26, 1),
(710, 0, 0, 0, 'Unnamed House #710', 0, 9, 0, 0, 0, 0, 26, 2),
(711, 0, 0, 0, 'Unnamed House #711', 0, 9, 0, 0, 0, 0, 26, 1),
(712, 0, 0, 0, 'Unnamed House #712', 0, 9, 0, 0, 0, 0, 23, 3),
(713, 0, 0, 0, '', 0, 0, 0, 0, 0, 0, 13, 1),
(714, 0, 0, 0, '', 0, 0, 0, 0, 0, 0, 13, 1),
(715, 0, 0, 0, '', 0, 0, 0, 0, 0, 0, 13, 1),
(716, 0, 0, 0, '', 0, 0, 0, 0, 0, 0, 13, 1),
(717, 0, 0, 0, '', 0, 0, 0, 0, 0, 0, 13, 1),
(718, 0, 0, 0, '', 0, 0, 0, 0, 0, 0, 13, 1),
(719, 0, 0, 0, '', 0, 0, 0, 0, 0, 0, 162, 9),
(720, 0, 0, 0, '', 0, 0, 0, 0, 0, 0, 213, 10),
(721, 0, 0, 0, '', 0, 0, 0, 0, 0, 0, 281, 13),
(722, 0, 0, 0, '', 0, 0, 0, 0, 0, 0, 222, 12),
(723, 0, 0, 0, '', 0, 0, 0, 0, 0, 0, 303, 9),
(724, 0, 0, 0, '', 0, 0, 0, 0, 0, 0, 57, 2),
(725, 0, 0, 0, '', 0, 0, 0, 0, 0, 0, 56, 2),
(726, 0, 0, 0, '', 0, 0, 0, 0, 0, 0, 59, 3),
(727, 0, 0, 0, '', 0, 0, 0, 0, 0, 0, 42, 1),
(728, 0, 0, 0, '', 0, 0, 0, 0, 0, 0, 58, 2),
(729, 0, 0, 0, '', 0, 0, 0, 0, 0, 0, 72, 2),
(730, 0, 0, 0, '', 0, 0, 0, 0, 0, 0, 78, 4),
(731, 0, 0, 0, '', 0, 0, 0, 0, 0, 0, 57, 3),
(732, 0, 0, 0, '', 0, 0, 0, 0, 0, 0, 111, 2),
(733, 0, 0, 0, '', 0, 0, 0, 0, 0, 0, 78, 2),
(734, 0, 0, 0, '', 0, 0, 0, 0, 0, 0, 113, 3),
(735, 0, 0, 0, '', 0, 0, 0, 0, 0, 0, 105, 3),
(736, 0, 0, 0, '', 0, 0, 0, 0, 0, 0, 75, 2),
(737, 0, 0, 0, '', 0, 0, 0, 0, 0, 0, 109, 3),
(738, 0, 0, 0, '', 0, 0, 0, 0, 0, 0, 135, 4),
(739, 0, 0, 0, '', 0, 0, 0, 0, 0, 0, 97, 3),
(740, 0, 0, 0, '', 0, 0, 0, 0, 0, 0, 113, 5),
(741, 0, 0, 0, '', 0, 0, 0, 0, 0, 0, 49, 2),
(742, 0, 0, 0, '', 0, 0, 0, 0, 0, 0, 64, 2),
(743, 0, 0, 0, '', 0, 0, 0, 0, 0, 0, 61, 3),
(744, 0, 0, 0, '', 0, 0, 0, 0, 0, 0, 71, 2),
(745, 0, 0, 0, '', 0, 0, 0, 0, 0, 0, 44, 1),
(746, 0, 0, 0, '', 0, 0, 0, 0, 0, 0, 44, 1),
(747, 0, 0, 0, '', 0, 0, 0, 0, 0, 0, 57, 1),
(748, 0, 0, 0, '', 0, 0, 0, 0, 0, 0, 70, 4),
(749, 0, 0, 0, '', 0, 0, 0, 0, 0, 0, 70, 4),
(750, 0, 0, 0, '', 0, 0, 0, 0, 0, 0, 57, 2),
(751, 0, 0, 0, '', 0, 0, 0, 0, 0, 0, 82, 2),
(752, 0, 0, 0, '', 0, 0, 0, 0, 0, 0, 82, 2),
(753, 0, 0, 0, '', 0, 0, 0, 0, 0, 0, 148, 4),
(754, 0, 0, 0, '', 0, 0, 0, 0, 0, 0, 94, 2),
(755, 0, 0, 0, '', 0, 0, 0, 0, 0, 0, 132, 4),
(756, 0, 0, 0, '', 0, 0, 0, 0, 0, 0, 7, 1),
(757, 0, 0, 0, '', 0, 0, 0, 0, 0, 0, 10, 1),
(758, 0, 0, 0, '', 0, 0, 0, 0, 0, 0, 10, 1),
(759, 0, 0, 0, '', 0, 0, 0, 0, 0, 0, 10, 1),
(760, 0, 0, 0, '', 0, 0, 0, 0, 0, 0, 7, 1),
(761, 0, 0, 0, '', 0, 0, 0, 0, 0, 0, 13, 2),
(762, 0, 0, 0, '', 0, 0, 0, 0, 0, 0, 13, 1),
(763, 0, 0, 0, '', 0, 0, 0, 0, 0, 0, 13, 1),
(764, 0, 0, 0, '', 0, 0, 0, 0, 0, 0, 7, 1),
(765, 0, 0, 0, '', 0, 0, 0, 0, 0, 0, 10, 1),
(766, 0, 0, 0, '', 0, 0, 0, 0, 0, 0, 10, 1),
(767, 0, 0, 0, '', 0, 0, 0, 0, 0, 0, 10, 1),
(768, 0, 0, 0, '', 0, 0, 0, 0, 0, 0, 7, 1),
(769, 0, 0, 0, '', 0, 0, 0, 0, 0, 0, 13, 2),
(770, 0, 0, 0, '', 0, 0, 0, 0, 0, 0, 13, 1),
(771, 0, 0, 0, '', 0, 0, 0, 0, 0, 0, 13, 1),
(772, 0, 0, 0, '', 0, 0, 0, 0, 0, 0, 35, 2),
(773, 0, 0, 0, '', 0, 0, 0, 0, 0, 0, 17, 1),
(774, 0, 0, 0, '', 0, 0, 0, 0, 0, 0, 23, 2),
(775, 0, 0, 0, '', 0, 0, 0, 0, 0, 0, 19, 1),
(776, 0, 0, 0, '', 0, 0, 0, 0, 0, 0, 9, 1),
(777, 0, 0, 0, '', 0, 0, 0, 0, 0, 0, 13, 2),
(778, 0, 0, 0, '', 0, 0, 0, 0, 0, 0, 10, 1),
(779, 0, 0, 0, '', 0, 0, 0, 0, 0, 0, 7, 1),
(780, 0, 0, 0, '', 0, 0, 0, 0, 0, 0, 10, 1),
(781, 0, 0, 0, '', 0, 0, 0, 0, 0, 0, 9, 1),
(782, 0, 0, 0, '', 0, 0, 0, 0, 0, 0, 10, 1),
(783, 0, 0, 0, '', 0, 0, 0, 0, 0, 0, 353, 19),
(784, 0, 0, 0, '', 0, 0, 0, 0, 0, 0, 33, 0),
(785, 0, 0, 0, '', 0, 0, 0, 0, 0, 0, 21, 0),
(786, 0, 0, 0, '', 0, 0, 0, 0, 0, 0, 17, 0),
(787, 0, 0, 0, '', 0, 0, 0, 0, 0, 0, 28, 0),
(788, 0, 0, 0, '', 0, 0, 0, 0, 0, 0, 21, 0),
(789, 0, 0, 0, '', 0, 0, 0, 0, 0, 0, 21, 0),
(790, 0, 0, 0, '', 0, 0, 0, 0, 0, 0, 26, 1),
(791, 0, 0, 0, 'Unnamed House #791', 0, 9, 0, 0, 0, 0, 26, 2),
(792, 0, 0, 0, 'Unnamed House #792', 0, 9, 0, 0, 0, 0, 78, 3),
(793, 0, 0, 0, 'Unnamed House #793', 0, 9, 0, 0, 0, 0, 36, 2),
(794, 0, 0, 0, 'Unnamed House #794', 0, 9, 0, 0, 0, 0, 43, 2),
(795, 0, 0, 0, 'Unnamed House #795', 0, 9, 0, 0, 0, 0, 51, 2),
(796, 0, 0, 0, 'Unnamed House #796', 0, 9, 0, 0, 0, 0, 51, 2),
(797, 0, 0, 0, 'Unnamed House #797', 0, 9, 0, 0, 0, 0, 58, 2),
(798, 0, 0, 0, 'Unnamed House #798', 0, 9, 0, 0, 0, 0, 95, 3),
(799, 0, 0, 0, 'Unnamed House #799', 0, 9, 0, 0, 0, 0, 80, 3),
(800, 0, 0, 0, 'Unnamed House #800', 0, 9, 0, 0, 0, 0, 43, 2),
(801, 0, 0, 0, 'Unnamed House #801', 0, 9, 0, 0, 0, 0, 185, 8),
(802, 0, 0, 0, 'Unnamed House #802', 0, 9, 0, 0, 0, 0, 10, 1),
(803, 0, 0, 0, 'Unnamed House #803', 0, 9, 0, 0, 0, 0, 10, 1),
(804, 0, 0, 0, 'Unnamed House #804', 0, 9, 0, 0, 0, 0, 16, 2),
(805, 0, 0, 0, 'Unnamed House #805', 0, 9, 0, 0, 0, 0, 10, 1),
(806, 0, 0, 0, 'Unnamed House #806', 0, 9, 0, 0, 0, 0, 10, 1),
(807, 0, 0, 0, 'Unnamed House #807', 0, 9, 0, 0, 0, 0, 16, 2),
(808, 0, 0, 0, 'Unnamed House #808', 0, 9, 0, 0, 0, 0, 10, 1),
(809, 0, 0, 0, 'Unnamed House #809', 0, 9, 0, 0, 0, 0, 10, 1),
(810, 0, 0, 0, 'Unnamed House #810', 0, 9, 0, 0, 0, 0, 16, 2),
(811, 0, 0, 0, 'Unnamed House #811', 0, 9, 0, 0, 0, 0, 10, 1),
(812, 0, 0, 0, 'Unnamed House #812', 0, 9, 0, 0, 0, 0, 10, 1),
(813, 0, 0, 0, 'Unnamed House #813', 0, 9, 0, 0, 0, 0, 16, 2),
(814, 0, 0, 0, 'Unnamed House #814', 0, 9, 0, 0, 0, 0, 518, 19),
(815, 0, 0, 0, '', 0, 0, 0, 0, 0, 0, 387, 23),
(816, 0, 0, 0, '', 0, 0, 0, 0, 0, 0, 47, 1),
(817, 0, 0, 0, '', 0, 0, 0, 0, 0, 0, 13, 1),
(818, 0, 0, 0, '', 0, 0, 0, 0, 0, 0, 13, 1),
(819, 0, 0, 0, '', 0, 0, 0, 0, 0, 0, 29, 2),
(820, 0, 0, 0, 'Unnamed House #820', 0, 6, 0, 0, 0, 0, 17, 1),
(821, 0, 0, 0, 'Unnamed House #821', 0, 6, 0, 0, 0, 0, 17, 1),
(822, 0, 0, 0, 'Unnamed House #822', 0, 6, 0, 0, 0, 0, 17, 1),
(823, 0, 0, 0, 'Unnamed House #823', 0, 6, 0, 0, 0, 0, 17, 2),
(824, 0, 0, 0, 'Unnamed House #824', 0, 6, 0, 0, 0, 0, 26, 2),
(825, 0, 0, 0, 'Unnamed House #825', 0, 6, 0, 0, 0, 0, 17, 1),
(826, 0, 0, 0, 'Unnamed House #826', 0, 9, 0, 0, 0, 0, 13, 1),
(827, 0, 0, 0, 'Unnamed House #827', 0, 9, 0, 0, 0, 0, 17, 1),
(828, 0, 0, 0, 'Unnamed House #828', 0, 9, 0, 0, 0, 0, 17, 1),
(829, 0, 0, 0, 'Unnamed House #829', 0, 9, 0, 0, 0, 0, 21, 2),
(830, 0, 0, 0, 'Unnamed House #830', 0, 9, 0, 0, 0, 0, 13, 1),
(831, 0, 0, 0, 'Unnamed House #831', 0, 9, 0, 0, 0, 0, 13, 1),
(832, 0, 0, 0, 'Unnamed House #832', 0, 9, 0, 0, 0, 0, 16, 1),
(833, 0, 0, 0, 'Unnamed House #833', 0, 9, 0, 0, 0, 0, 16, 1),
(834, 0, 0, 0, 'Unnamed House #834', 0, 9, 0, 0, 0, 0, 37, 2),
(835, 0, 0, 0, 'Unnamed House #835', 0, 9, 0, 0, 0, 0, 13, 1),
(836, 0, 0, 0, 'Unnamed House #836', 0, 9, 0, 0, 0, 0, 13, 1),
(837, 0, 0, 0, 'Unnamed House #837', 0, 9, 0, 0, 0, 0, 13, 1),
(838, 0, 0, 0, 'Unnamed House #838', 0, 9, 0, 0, 0, 0, 17, 1),
(839, 0, 0, 0, 'Unnamed House #839', 0, 9, 0, 0, 0, 0, 17, 1),
(840, 0, 0, 0, 'Unnamed House #840', 0, 9, 0, 0, 0, 0, 21, 1),
(841, 0, 0, 0, 'Unnamed House #841', 0, 7, 0, 0, 0, 0, 74, 2),
(842, 0, 0, 0, '', 0, 0, 0, 0, 0, 0, 251, 15),
(843, 0, 0, 0, '', 0, 0, 0, 0, 0, 0, 13, 0),
(844, 0, 0, 0, '', 0, 0, 0, 0, 0, 0, 22, 0),
(845, 0, 0, 0, '', 0, 0, 0, 0, 0, 0, 36, 0),
(846, 0, 0, 0, '', 0, 0, 0, 0, 0, 0, 29, 0),
(847, 0, 0, 0, 'Unnamed House #847', 0, 9, 0, 0, 0, 0, 35, 1),
(848, 0, 0, 0, '', 0, 0, 0, 0, 0, 0, 336, 9),
(849, 0, 0, 0, 'Rhyves #1', 0, 15, 0, 0, 0, 0, 29, 1),
(850, 0, 0, 0, 'Rhyves #2', 0, 15, 0, 0, 0, 0, 13, 1),
(851, 0, 0, 0, 'Rhyves #3', 0, 15, 0, 0, 0, 0, 26, 1),
(852, 0, 0, 0, 'Rhyves #4', 0, 15, 0, 0, 0, 0, 42, 2),
(853, 0, 0, 0, 'Rhyves #5', 0, 15, 0, 0, 0, 0, 26, 1),
(854, 0, 0, 0, 'Rhyves #6', 0, 15, 0, 0, 0, 0, 20, 1),
(855, 0, 0, 0, 'Rhyves #7', 0, 15, 0, 0, 0, 0, 34, 1),
(856, 0, 0, 0, 'Rhyves #8', 0, 15, 0, 0, 0, 0, 29, 2),
(857, 0, 0, 0, 'Rhyves #9', 0, 15, 0, 0, 0, 0, 34, 1),
(858, 0, 0, 0, 'Rhyves #10', 0, 15, 0, 0, 0, 0, 25, 1),
(859, 0, 0, 0, 'Rhyves #11', 0, 15, 0, 0, 0, 0, 29, 1),
(860, 0, 0, 0, 'Rhyves #12', 0, 15, 0, 0, 0, 0, 26, 1),
(861, 1, 0, 0, 'Rhyves #13', 0, 15, 0, 0, 0, 0, 24, 1),
(862, 0, 0, 0, 'Rhyves #14', 0, 15, 0, 0, 0, 0, 23, 1),
(863, 0, 0, 0, 'Rhyves #15', 0, 15, 0, 0, 0, 0, 37, 1),
(864, 0, 0, 0, 'Rhyves #16', 0, 15, 0, 0, 0, 0, 19, 1),
(865, 0, 0, 0, 'Rhyves #17', 0, 15, 0, 0, 0, 0, 21, 1),
(866, 0, 0, 0, 'Rhyves #18', 0, 15, 0, 0, 0, 0, 21, 1),
(867, 0, 0, 0, 'Rhyves #19', 0, 15, 0, 0, 0, 0, 29, 1),
(868, 0, 0, 0, 'Rhyves #20', 0, 15, 0, 0, 0, 0, 21, 1),
(869, 0, 0, 0, 'Rhyves #21', 0, 15, 0, 0, 0, 0, 37, 2),
(870, 0, 0, 0, 'Rhyves #22', 0, 15, 0, 0, 0, 0, 29, 1),
(871, 0, 0, 0, 'Rhyves #23', 0, 15, 0, 0, 0, 0, 31, 1),
(872, 0, 0, 0, 'Rhyves #24', 0, 15, 0, 0, 0, 0, 45, 1),
(873, 0, 0, 0, 'Rhyves #25', 0, 15, 0, 0, 0, 0, 36, 1),
(874, 0, 0, 0, 'Rhyves #26', 0, 15, 0, 0, 0, 0, 26, 2),
(875, 0, 0, 0, 'Rhyves #27', 0, 15, 0, 0, 0, 0, 24, 1),
(876, 0, 0, 0, 'Rhyves #28', 0, 15, 0, 0, 0, 0, 39, 1),
(877, 0, 0, 0, 'Rhyves #29', 0, 15, 0, 0, 0, 0, 17, 1),
(878, 0, 0, 0, 'Swamp #1', 0, 15, 0, 0, 0, 0, 13, 1),
(879, 0, 0, 0, 'Swamp #2', 0, 15, 0, 0, 0, 0, 13, 1),
(880, 0, 0, 0, 'Swamp #3', 0, 15, 0, 0, 0, 0, 17, 1),
(881, 0, 0, 0, 'Swamp #4', 0, 15, 0, 0, 0, 0, 16, 1),
(882, 0, 0, 0, 'Swamp #5', 0, 15, 0, 0, 0, 0, 16, 2),
(883, 0, 0, 0, 'Swamp #7', 0, 15, 0, 0, 0, 0, 18, 1),
(884, 0, 0, 0, 'Swamp #6', 0, 15, 0, 0, 0, 0, 13, 1),
(885, 0, 0, 0, 'Rhyves #37', 0, 15, 0, 0, 0, 0, 26, 1),
(886, 0, 0, 0, 'Rhyves #38', 0, 15, 0, 0, 0, 0, 29, 1),
(887, 0, 0, 0, 'Rhyves #39', 0, 15, 0, 0, 0, 0, 28, 1),
(890, 48, 0, 0, 'Rhyves #40', 0, 15, 0, 0, 0, 0, 295, 8),
(891, 0, 0, 0, 'Rhyves #41', 0, 15, 0, 0, 0, 0, 332, 16),
(892, 0, 0, 0, 'Rhyves #42', 0, 15, 0, 0, 0, 0, 38, 1),
(893, 0, 0, 0, 'Desert #7', 0, 15, 0, 0, 0, 0, 143, 0),
(894, 0, 0, 0, 'Desert #1', 0, 15, 0, 0, 0, 0, 13, 0),
(895, 0, 0, 0, 'Desert #2', 0, 15, 0, 0, 0, 0, 13, 0),
(896, 0, 0, 0, 'Desert #3', 0, 15, 0, 0, 0, 0, 16, 0),
(897, 0, 0, 0, 'Desert #4', 0, 15, 0, 0, 0, 0, 40, 0),
(898, 0, 0, 0, 'Desert #5', 0, 15, 0, 0, 0, 0, 31, 0),
(899, 0, 0, 0, 'Desert #6', 0, 15, 0, 0, 0, 0, 22, 0),
(900, 0, 0, 0, 'Svargrond #1', 0, 15, 0, 0, 0, 0, 23, 1),
(901, 0, 0, 0, 'Svargrond #2', 0, 15, 0, 0, 0, 0, 21, 1),
(902, 0, 0, 0, 'Svargrond #3', 0, 15, 0, 0, 0, 0, 20, 1),
(903, 0, 0, 0, 'Svargrond #4', 0, 15, 0, 0, 0, 0, 18, 1),
(904, 0, 0, 0, 'Svargrond #5', 0, 15, 0, 0, 0, 0, 28, 2),
(905, 0, 0, 0, 'Svargrond #6', 0, 15, 0, 0, 0, 0, 46, 1),
(906, 0, 0, 0, 'Svargrond #7', 0, 15, 0, 0, 0, 0, 26, 1),
(907, 0, 0, 0, 'Svargrond #8', 0, 15, 0, 0, 0, 0, 30, 2),
(908, 0, 0, 0, 'Svargrond #9', 0, 15, 0, 0, 0, 0, 26, 1),
(909, 0, 0, 0, 'Svargrond #10', 0, 15, 0, 0, 0, 0, 21, 1),
(910, 0, 0, 0, 'Svargrond #11', 0, 15, 0, 0, 0, 0, 21, 1),
(911, 0, 0, 0, 'Svargrond #12', 0, 15, 0, 0, 0, 0, 26, 1),
(912, 0, 0, 0, 'Svargrond #13', 0, 15, 0, 0, 0, 0, 26, 1),
(913, 0, 0, 0, 'Svargrond #15', 0, 15, 0, 0, 0, 0, 35, 1),
(914, 0, 0, 0, 'Svargrond #16', 0, 15, 0, 0, 0, 0, 23, 1),
(915, 0, 0, 0, 'Svargrond #17', 0, 15, 0, 0, 0, 0, 16, 1),
(916, 0, 0, 0, 'Svargrond #18', 0, 15, 0, 0, 0, 0, 25, 2),
(917, 0, 0, 0, 'Svargrond #19', 0, 15, 0, 0, 0, 0, 50, 2),
(918, 0, 0, 0, 'Svargrond #20', 0, 15, 0, 0, 0, 0, 29, 1),
(919, 0, 0, 0, 'Svargrond #21', 0, 15, 0, 0, 0, 0, 36, 1),
(920, 0, 0, 0, 'Svargrond #22', 0, 15, 0, 0, 0, 0, 32, 1),
(921, 0, 0, 0, 'Svargrond #23', 0, 15, 0, 0, 0, 0, 26, 1),
(922, 0, 0, 0, 'Svargrond #24', 0, 15, 0, 0, 0, 0, 31, 1),
(923, 0, 0, 0, 'Svargrond #25', 0, 15, 0, 0, 0, 0, 37, 2),
(924, 0, 0, 0, 'Svargrond #26', 0, 15, 0, 0, 0, 0, 29, 1),
(925, 0, 0, 0, 'Svargrond #27', 0, 15, 0, 0, 0, 0, 21, 1),
(926, 0, 0, 0, 'Svargrond #28', 0, 15, 0, 0, 0, 0, 30, 1),
(927, 0, 0, 0, 'Svargrond #29', 0, 15, 0, 0, 0, 0, 30, 2),
(928, 0, 0, 0, 'Svargrond #30', 0, 15, 0, 0, 0, 0, 37, 1),
(929, 0, 0, 0, 'Yalahar #1', 0, 16, 0, 0, 0, 0, 201, 3),
(930, 0, 0, 0, 'Yalahar #2', 0, 16, 0, 0, 0, 0, 131, 2),
(931, 0, 0, 0, 'Yalahar #3', 0, 16, 0, 0, 0, 0, 142, 4),
(932, 0, 0, 0, 'Yalahar #4', 0, 16, 0, 0, 0, 0, 96, 2),
(933, 0, 0, 0, 'Yalahar #5', 0, 16, 0, 0, 0, 0, 538, 27),
(934, 0, 0, 0, 'Yalahar #6', 0, 16, 0, 0, 0, 0, 106, 4),
(935, 0, 0, 0, 'Yalahar #7', 0, 16, 0, 0, 0, 0, 105, 2),
(936, 0, 0, 0, 'Yalahar #8', 0, 16, 0, 0, 0, 0, 118, 2),
(937, 0, 0, 0, 'Yalahar #9', 0, 16, 0, 0, 0, 0, 58, 1),
(938, 0, 0, 0, 'Yalahar #10', 0, 16, 0, 0, 0, 0, 75, 2),
(939, 0, 0, 0, 'Yalahar #11', 0, 16, 0, 0, 0, 0, 30, 4),
(940, 0, 0, 0, 'Yalahar #12', 0, 16, 0, 0, 0, 0, 38, 0),
(941, 0, 0, 0, 'Yalahar #13', 0, 16, 0, 0, 0, 0, 30, 4),
(942, 0, 0, 0, 'Yalahar #14', 0, 16, 0, 0, 0, 0, 294, 23);

-- --------------------------------------------------------

--
-- Estrutura da tabela `house_lists`
--

CREATE TABLE `house_lists` (
  `house_id` int(11) NOT NULL,
  `listid` int(11) NOT NULL,
  `list` text NOT NULL
) ENGINE=InnoDB DEFAULT CHARSET=utf8;

--
-- Extraindo dados da tabela `house_lists`
--

INSERT INTO `house_lists` (`house_id`, `listid`, `list`) VALUES
(852, 257, 'First Born\nEu Sou Depresivo'),
(867, 257, 'First Born\nEu Sou Depresivo');

-- --------------------------------------------------------

--
-- Estrutura da tabela `ip_bans`
--

CREATE TABLE `ip_bans` (
  `ip` int(10) UNSIGNED NOT NULL,
  `reason` varchar(255) NOT NULL,
  `banned_at` bigint(20) NOT NULL,
  `expires_at` bigint(20) NOT NULL,
  `banned_by` int(11) NOT NULL
) ENGINE=InnoDB DEFAULT CHARSET=utf8;

-- --------------------------------------------------------

--
-- Estrutura da tabela `market_history`
--

CREATE TABLE `market_history` (
  `id` int(10) UNSIGNED NOT NULL,
  `player_id` int(11) NOT NULL,
  `sale` tinyint(1) NOT NULL DEFAULT '0',
  `itemtype` int(10) UNSIGNED NOT NULL,
  `amount` smallint(5) UNSIGNED NOT NULL,
  `price` int(10) UNSIGNED NOT NULL DEFAULT '0',
  `expires_at` bigint(20) UNSIGNED NOT NULL,
  `inserted` bigint(20) UNSIGNED NOT NULL,
  `state` tinyint(1) UNSIGNED NOT NULL
) ENGINE=InnoDB DEFAULT CHARSET=utf8;

-- --------------------------------------------------------

--
-- Estrutura da tabela `market_offers`
--

CREATE TABLE `market_offers` (
  `id` int(10) UNSIGNED NOT NULL,
  `player_id` int(11) NOT NULL,
  `sale` tinyint(1) NOT NULL DEFAULT '0',
  `itemtype` int(10) UNSIGNED NOT NULL,
  `amount` smallint(5) UNSIGNED NOT NULL,
  `created` bigint(20) UNSIGNED NOT NULL,
  `anonymous` tinyint(1) NOT NULL DEFAULT '0',
  `price` int(10) UNSIGNED NOT NULL DEFAULT '0'
) ENGINE=InnoDB DEFAULT CHARSET=utf8;

-- --------------------------------------------------------

--
-- Estrutura da tabela `players`
--

CREATE TABLE `players` (
  `id` int(11) NOT NULL,
  `name` varchar(255) NOT NULL,
  `group_id` int(11) NOT NULL DEFAULT '1',
  `account_id` int(11) NOT NULL DEFAULT '0',
  `level` int(11) NOT NULL DEFAULT '1',
  `vocation` int(11) NOT NULL DEFAULT '0',
  `health` int(11) NOT NULL DEFAULT '150',
  `healthmax` int(11) NOT NULL DEFAULT '150',
  `experience` bigint(20) NOT NULL DEFAULT '0',
  `lookbody` int(11) NOT NULL DEFAULT '0',
  `lookfeet` int(11) NOT NULL DEFAULT '0',
  `lookhead` int(11) NOT NULL DEFAULT '0',
  `looklegs` int(11) NOT NULL DEFAULT '0',
  `looktype` int(11) NOT NULL DEFAULT '136',
  `lookaddons` int(11) NOT NULL DEFAULT '0',
  `maglevel` int(11) NOT NULL DEFAULT '0',
  `mana` int(11) NOT NULL DEFAULT '0',
  `manamax` int(11) NOT NULL DEFAULT '0',
  `manaspent` int(11) UNSIGNED NOT NULL DEFAULT '0',
  `soul` int(10) UNSIGNED NOT NULL DEFAULT '0',
  `town_id` int(11) NOT NULL DEFAULT '1',
  `posx` int(11) NOT NULL DEFAULT '0',
  `posy` int(11) NOT NULL DEFAULT '0',
  `posz` int(11) NOT NULL DEFAULT '0',
  `conditions` blob NOT NULL,
  `cap` int(11) NOT NULL DEFAULT '400',
  `sex` int(11) NOT NULL DEFAULT '0',
  `lastlogin` bigint(20) UNSIGNED NOT NULL DEFAULT '0',
  `lastip` int(10) UNSIGNED NOT NULL DEFAULT '0',
  `save` tinyint(1) NOT NULL DEFAULT '1',
  `skull` tinyint(1) NOT NULL DEFAULT '0',
  `skulltime` int(11) NOT NULL DEFAULT '0',
  `lastlogout` bigint(20) UNSIGNED NOT NULL DEFAULT '0',
  `blessings` tinyint(2) NOT NULL DEFAULT '0',
  `onlinetime` int(11) NOT NULL DEFAULT '0',
  `deletion` bigint(15) NOT NULL DEFAULT '0',
  `balance` bigint(20) UNSIGNED NOT NULL DEFAULT '0',
  `stamina` smallint(5) UNSIGNED NOT NULL DEFAULT '2520',
  `skill_points` int(10) UNSIGNED NOT NULL DEFAULT '10',
  `skill_fist` int(10) UNSIGNED NOT NULL DEFAULT '8',
  `skill_club` int(10) UNSIGNED NOT NULL DEFAULT '8',
  `skill_sword` int(10) UNSIGNED NOT NULL DEFAULT '8',
  `skill_axe` int(10) UNSIGNED NOT NULL DEFAULT '8',
  `skill_dist` int(10) UNSIGNED NOT NULL DEFAULT '8',
  `skill_shielding` int(10) UNSIGNED NOT NULL DEFAULT '8',
  `skill_fishing` int(10) UNSIGNED NOT NULL DEFAULT '8',
  `deleted` tinyint(1) NOT NULL DEFAULT '0',
  `description` varchar(255) NOT NULL DEFAULT '',
  `comment` text NOT NULL,
  `create_ip` int(11) NOT NULL DEFAULT '0',
  `create_date` int(11) NOT NULL DEFAULT '0',
  `hide_char` int(11) NOT NULL DEFAULT '0'
) ENGINE=InnoDB DEFAULT CHARSET=utf8;

--
-- Extraindo dados da tabela `players`
--

INSERT INTO `players` (`id`, `name`, `group_id`, `account_id`, `level`, `vocation`, `health`, `healthmax`, `experience`, `lookbody`, `lookfeet`, `lookhead`, `looklegs`, `looktype`, `lookaddons`, `maglevel`, `mana`, `manamax`, `manaspent`, `soul`, `town_id`, `posx`, `posy`, `posz`, `conditions`, `cap`, `sex`, `lastlogin`, `lastip`, `save`, `skull`, `skulltime`, `lastlogout`, `blessings`, `onlinetime`, `deletion`, `balance`, `offlinetraining_time`, `offlinetraining_skill`, `stamina`, `skill_fist`, `skill_fist_tries`, `skill_club`, `skill_club_tries`, `skill_sword`, `skill_sword_tries`, `skill_axe`, `skill_axe_tries`, `skill_dist`, `skill_dist_tries`, `skill_shielding`, `skill_shielding_tries`, `skill_fishing`, `skill_fishing_tries`, `deleted`, `description`, `comment`, `create_ip`, `create_date`, `hide_char`) VALUES
(1, 'God', 3, 1, 120, 0, 1560, 1560, 27413800, 120, 120, 120, 120, 152, 1, 220, 10, 2147483647, 0, 200, 15, 32873, 31146, 7, '', 404, 1, 1537456070, 1845711499, 1, 0, 0, 1537458499, 31, 953507, 0, 1090203, 43200, -1, 2520, 28, 0, 92, 0, 8, 0, 8, 0, 69, 0, 8, 0, 8, 0, 0, '', '', 0, 0, 0),
(8, 'No Build', 1, 2, 1, 0, 120, 120, 0, 76, 114, 115, 124, 128, 1, 0, 10, 10, 0, 100, 14, 31868, 32150, 8, '', 365, 1, 0, 0, 1, 0, 0, 0, 0, 0, 0, 0, 43200, -1, 2520, 8, 0, 8, 0, 8, 0, 8, 0, 8, 0, 8, 0, 8, 0, 0, '', '', 0, 0, 0);

--
-- Acionadores `players`
--
DELIMITER $$
CREATE TRIGGER `ondelete_players` BEFORE DELETE ON `players` FOR EACH ROW BEGIN
    UPDATE `houses` SET `owner` = 0 WHERE `owner` = OLD.`id`;
END
$$
DELIMITER ;

-- --------------------------------------------------------

--
-- Estrutura da tabela `players_online`
--

CREATE TABLE `players_online` (
  `player_id` int(11) NOT NULL
) ENGINE=MEMORY DEFAULT CHARSET=utf8;

-- --------------------------------------------------------

--
-- Estrutura da tabela `player_autoloot`
--

CREATE TABLE `player_autoloot` (
  `id` int(11) NOT NULL,
  `player_id` int(11) NOT NULL,
  `autoloot_list` blob
) ENGINE=InnoDB DEFAULT CHARSET=latin1;

-- --------------------------------------------------------

--
-- Estrutura da tabela `player_deaths`
--

CREATE TABLE `player_deaths` (
  `player_id` int(11) NOT NULL,
  `time` bigint(20) UNSIGNED NOT NULL DEFAULT '0',
  `level` int(11) NOT NULL DEFAULT '1',
  `killed_by` varchar(255) NOT NULL,
  `is_player` tinyint(1) NOT NULL DEFAULT '1',
  `mostdamage_by` varchar(100) NOT NULL,
  `mostdamage_is_player` tinyint(1) NOT NULL DEFAULT '0',
  `unjustified` tinyint(1) NOT NULL DEFAULT '0',
  `mostdamage_unjustified` tinyint(1) NOT NULL DEFAULT '0'
) ENGINE=InnoDB DEFAULT CHARSET=utf8;

-- --------------------------------------------------------

--
-- Estrutura da tabela `player_depotitems`
--

CREATE TABLE `player_depotitems` (
  `player_id` int(11) NOT NULL,
  `sid` int(11) NOT NULL COMMENT 'any given range eg 0-100 will be reserved for depot lockers and all > 100 will be then normal items inside depots',
  `pid` int(11) NOT NULL DEFAULT '0',
  `itemtype` smallint(6) NOT NULL,
  `count` smallint(5) NOT NULL DEFAULT '0',
  `attributes` blob NOT NULL,
  `abilities` blob NOT NULL
) ENGINE=InnoDB DEFAULT CHARSET=utf8;

--
-- Extraindo dados da tabela `player_depotitems`
--

INSERT INTO `player_depotitems` (`player_id`, `sid`, `pid`, `itemtype`, `count`, `attributes`, `abilities`) VALUES
(1, 101, 14, 2476, 1, '', ''),
(1, 102, 14, 2175, 1, '', ''),
(1, 103, 14, 2645, 1, '', ''),
(1, 104, 14, 2213, 1, '', ''),
(1, 105, 14, 2519, 1, '', ''),
(1, 106, 14, 2487, 1, '', ''),
(1, 107, 14, 2168, 1, '', ''),
(1, 108, 14, 2171, 1, '', ''),
(1, 109, 14, 2427, 1, '', ''),
(1, 110, 14, 2214, 1, '', ''),
(1, 111, 14, 2201, 1, 0x160100, ''),
(1, 112, 14, 2145, 10, 0x0f0a, ''),
(1, 113, 14, 2476, 1, '', ''),
(1, 114, 15, 2656, 1, '', '');

-- --------------------------------------------------------

--
-- Estrutura da tabela `player_inboxitems`
--

CREATE TABLE `player_inboxitems` (
  `player_id` int(11) NOT NULL,
  `sid` int(11) NOT NULL,
  `pid` int(11) NOT NULL DEFAULT '0',
  `itemtype` smallint(6) NOT NULL,
  `count` smallint(5) NOT NULL DEFAULT '0',
  `attributes` blob NOT NULL,
  `abilities` blob NOT NULL
) ENGINE=InnoDB DEFAULT CHARSET=utf8;

-- --------------------------------------------------------

--
-- Estrutura da tabela `player_items`
--

CREATE TABLE `player_items` (
  `player_id` int(11) NOT NULL DEFAULT '0',
  `pid` int(11) NOT NULL DEFAULT '0',
  `sid` int(11) NOT NULL DEFAULT '0',
  `itemtype` smallint(6) NOT NULL DEFAULT '0',
  `count` smallint(5) NOT NULL DEFAULT '0',
  `attributes` blob NOT NULL,
  `abilities` blob NOT NULL
) ENGINE=InnoDB DEFAULT CHARSET=utf8;

--
-- Extraindo dados da tabela `player_items`
--

INSERT INTO `player_items` (`player_id`, `pid`, `sid`, `itemtype`, `count`, `attributes`, `abilities`) VALUES
(8, 1, 101, 2461, 1, '', ''),
(8, 3, 102, 1988, 1, '', ''),
(8, 4, 103, 2467, 1, '', ''),
(8, 5, 104, 2512, 1, '', ''),
(8, 7, 105, 2649, 1, '', ''),
(8, 8, 106, 2643, 1, '', ''),
(8, 10, 107, 2050, 1, '', ''),
(8, 102, 108, 2554, 1, '', ''),
(8, 102, 109, 7618, 3, 0x0f03, ''),
(8, 102, 110, 7620, 3, 0x0f03, ''),
(8, 102, 111, 2680, 5, 0x0f05, ''),
(1, 1, 101, 5461, 1, '', ''),
(1, 2, 102, 2125, 1, '', ''),
(1, 3, 103, 2365, 1, '', ''),
(1, 4, 104, 2503, 1, '', ''),
(1, 6, 105, 6528, 1, '', ''),
(1, 10, 106, 26382, 1, '', ''),
(1, 103, 107, 6132, 1, 0x10c8fd7000, ''),
(1, 103, 108, 2493, 1, '', ''),
(1, 103, 109, 2520, 1, '', ''),
(1, 103, 110, 2645, 1, '', ''),
(1, 103, 111, 7635, 2, 0x0f02, ''),
(1, 103, 112, 2148, 75, 0x0f4b, ''),
(1, 103, 113, 2152, 2, 0x0f02, ''),
(1, 103, 114, 11305, 1, '', ''),
(1, 103, 115, 2413, 1, '', ''),
(1, 103, 116, 2456, 1, '', ''),
(1, 103, 117, 2293, 1, 0x0f01, ''),
(1, 103, 118, 2160, 1, 0x0f01, ''),
(1, 103, 119, 2120, 1, '', ''),
(1, 103, 120, 5803, 1, '', ''),
(1, 103, 121, 2195, 1, '', ''),
(1, 103, 122, 5791, 1, '', ''),
(1, 103, 123, 2361, 1, '', ''),
(1, 103, 124, 12559, 1, '', ''),
(1, 103, 125, 12565, 1, '', ''),
(1, 103, 126, 12563, 1, '', ''),
(1, 103, 127, 12561, 1, '', ''),
(1, 106, 128, 2268, 2, 0x0f02, ''),
(1, 106, 129, 2201, 200, 0x16c800, ''),
(1, 106, 130, 2214, 1, '', ''),
(1, 106, 131, 2432, 1, '', ''),
(1, 106, 132, 2544, 98, 0x0f62, '');

-- --------------------------------------------------------

--
-- Estrutura da tabela `player_namelocks`
--

CREATE TABLE `player_namelocks` (
  `player_id` int(11) NOT NULL,
  `reason` varchar(255) NOT NULL,
  `namelocked_at` bigint(20) NOT NULL,
  `namelocked_by` int(11) NOT NULL
) ENGINE=InnoDB DEFAULT CHARSET=utf8;

-- --------------------------------------------------------

--
-- Estrutura da tabela `player_spells`
--

CREATE TABLE `player_spells` (
  `player_id` int(11) NOT NULL,
  `name` varchar(255) NOT NULL
) ENGINE=InnoDB DEFAULT CHARSET=utf8;

-- --------------------------------------------------------

--
-- Estrutura da tabela `player_storage`
--

CREATE TABLE `player_storage` (
  `player_id` int(11) NOT NULL DEFAULT '0',
  `key` int(10) UNSIGNED NOT NULL DEFAULT '0',
  `value` int(11) NOT NULL DEFAULT '0'
) ENGINE=InnoDB DEFAULT CHARSET=utf8;

--
-- Extraindo dados da tabela `player_storage`
--

INSERT INTO `player_storage` (`player_id`, `key`, `value`) VALUES
(1, 1007, 1),
(1, 1008, 1),
(1, 1009, 1),
(1, 1010, 1),
(1, 1012, 1),
(1, 1018, 1),
(1, 1019, 1),
(1, 1020, 1),
(1, 1021, 1),
(1, 1022, 1),
(1, 1023, 1),
(1, 1024, 1),
(1, 1025, 1),
(1, 1026, 1),
(1, 1027, 1),
(1, 1028, 1),
(1, 1029, 1),
(1, 1030, 1),
(1, 1031, 1),
(1, 1037, 1),
(1, 1038, 1),
(1, 1039, 1),
(1, 1040, 1),
(1, 1041, 1),
(1, 1045, 1),
(1, 1065, 1),
(1, 1067, 1),
(1, 1068, 1),
(1, 1069, 1),
(1, 1070, 1),
(1, 1071, 1),
(1, 1072, 1),
(1, 1073, 1),
(1, 1075, 1),
(1, 7000, 0),
(1, 10042, 1),
(1, 30018, 1),
(1, 60320, 1),
(1, 60321, 1),
(1, 62490, 17),
(1, 62492, 0),
(1, 10001001, 8388609),
(1, 10001002, 8912897),
(1, 10002011, 1),
(8, 10042, 1),
(8, 62490, 0),
(8, 62492, 0),
(8, 10001001, 8388609),
(8, 10001002, 8912897);

-- --------------------------------------------------------

--
-- Estrutura da tabela `server_config`
--

CREATE TABLE `server_config` (
  `config` varchar(50) NOT NULL,
  `value` varchar(256) NOT NULL DEFAULT ''
) ENGINE=InnoDB DEFAULT CHARSET=utf8;

--
-- Extraindo dados da tabela `server_config`
--

INSERT INTO `server_config` (`config`, `value`) VALUES
('db_version', '22'),
('motd_hash', 'ae15c6b21bd1e6c95311147433487ca8fd74be15'),
('motd_num', '2'),
('players_record', '8');

-- --------------------------------------------------------

--
-- Estrutura da tabela `tile_store`
--

CREATE TABLE `tile_store` (
  `house_id` int(11) NOT NULL,
  `data` longblob NOT NULL,
  `abilities` blob NOT NULL
) ENGINE=InnoDB DEFAULT CHARSET=utf8;

--
-- Extraindo dados da tabela `tile_store`
--

INSERT INTO `tile_store` (`house_id`, `data`, `abilities`) VALUES
(849, 0xd280267a0501000000e00600, ''),
(849, 0xd280277a0501000000f22100, ''),
(849, 0xd380267a0501000000e10600, ''),
(849, 0xd380277a05040000004a0700c10900770800770800, ''),
(849, 0xd480267a05020000004a070041290f0100, ''),
(849, 0xd480277a05030000004a0700800900590900, ''),
(849, 0xd580267a0501000000dd17170000000000, ''),
(849, 0xd580277a05040000004a0700f2120081080f01007b0800, ''),
(849, 0xd280287a0503000000580700ac0900f1070f0100, ''),
(849, 0xd280297a0503000000500700d8090039290f0100, ''),
(849, 0xd2802a7a0504000000111d00500700da2200840900, ''),
(849, 0xd2802b7a0503000000500700bf2b0f01007a1c00, ''),
(849, 0xd380287a0503000000580700e00900f1070f0100, ''),
(849, 0xd380297a05030000004d0700ab0900c81c0f0100, ''),
(849, 0xd3802a7a0504000000111d004d0700a20900950816050000, ''),
(849, 0xd3802b7a0505000000111d004d0700fa160f0100bc09005c0916010000, ''),
(849, 0xd480287a0503000000580700e00900f1070f0100, ''),
(849, 0xd480297a0503000000440700ab0900c81c0f0100, ''),
(849, 0xd4802a7a0504000000111d00440700a20900950816050000, ''),
(849, 0xd4802b7a0505000000111d00440700fa160f0100bc0900670900, ''),
(849, 0xd580287a050400000058070020170f01007e0900f1070f0100, ''),
(849, 0xd580297a0502000000470700e60900, ''),
(849, 0xd5802a7a0504000000111d004707006e09007b0900, ''),
(849, 0xd5802b7a0503000000470700bf2b0f010052290f0100, ''),
(849, 0xd6802b7a05010000006b1800, ''),
(849, 0xd2802c7a0502000000500700e018170600000061080f0e0062080f200066080f03000e170f0100740f0f020065080f010000, ''),
(849, 0xd3802c7a05030000004d0700bf2b0f020052290f0100, ''),
(849, 0xd4802c7a0503000000440700bf2b0f020052290f0100, ''),
(849, 0xd5802c7a0503000000470700bf2b0f030052290f0100, ''),
(850, 0xe6802a7a04010000006b1800, ''),
(850, 0xe980297a0401000000da0600, ''),
(850, 0xe9802a7a0401000000db0600, ''),
(851, 0xe880327a05010000006e1800, ''),
(851, 0xe580377a0501000000e00600, ''),
(851, 0xe680377a0501000000e10600, ''),
(852, 0xd280267a0601000000200800, ''),
(852, 0xd280277a06020000008f060063080f0800, ''),
(852, 0xd380267a0601000000e318170000000000, ''),
(852, 0xd380277a060200000093060062080f0500, ''),
(852, 0xd480267a0601000000e318170000000000, ''),
(852, 0xd480277a060200000094060066080f0e00, ''),
(852, 0xd580267a0601000000a20500, ''),
(852, 0xd580277a06020000008e060065080f2000, ''),
(852, 0xd280287a06030000009006005f080f010070080f0d00, ''),
(852, 0xd280297a06040000009106009e130f0400f3260f040067080f0400, ''),
(852, 0xd2802a7a06020000009c0600c10600, ''),
(852, 0xd2802b7a0603000000970600720900970900, ''),
(852, 0xd380287a0604000000950600760a0f250060080f010068080f1f00, ''),
(852, 0xd380297a0608000000570800650a005708005708004d08007b08007b08007b0800, ''),
(852, 0xd3802a7a060c0000006909007e0900db1c00840900880900292c00292c00d71c00fa1c00800900292c007b0900, ''),
(852, 0xd3802b7a060500000081080f01007808004c08009c18009c1800, ''),
(852, 0xd480287a060200000092060061080f0700, ''),
(852, 0xd480297a0603000000960600990900c10900, ''),
(852, 0xd4802a7a0603000000600a00a20900a20900, ''),
(852, 0xd4802b7a0603000000ad0900ad0900ad0900, ''),
(852, 0xd580287a0601000000250800, ''),
(852, 0xd580297a06030000009906006f080f0300390900, ''),
(852, 0xd5802a7a0602000000d70900e40900, ''),
(852, 0xd5802b7a0601000000a72200, ''),
(852, 0xd6802b7a060a0000006b1800e2080f2600df080f6400fe080f6400e7080f1300dc080f6400fe080f6400df080f64002b0800750800, ''),
(852, 0xd780297a0601000000390800, ''),
(852, 0xd7802a7a06020000009b0600db1e00, ''),
(852, 0xd7802b7a0602000000980600d61e00, ''),
(852, 0xd880297a0601000000e00600, ''),
(852, 0xd8802a7a06020000009d0600d91e00, ''),
(852, 0xd8802b7a06020000009a0600550a00, ''),
(852, 0xd980297a0601000000e10600, ''),
(852, 0xd9802a7a0603000000c70900b709006c0800, ''),
(852, 0xd9802b7a0603000000b30617000000000039290f0100b807062c0045736372657669207361ed20636f7272656e646f20706175206e6f20637520646f20466972737420426f726e127c5a9a5b130800476f64204775746f00, ''),
(852, 0xd2802c7a0601000000de171704000000d207171400000081190f640081190f640081190f640081190f640081190f640081190f640081190f640081190f640081190f640081190f640081190f640081190f640081190f640081190f640081190f640081190f640081190f640081190f640081190f640081190f640000d007170b00000019210f2a0019210f6400a71d0f6400a71d0f6400a71d0f6400a71d0f6400a71d0f6400a71d0f6400a71d0f640018210f6400a71d0f130000d2071706000000d007170000000000cf07170000000000ce07170000000000d307170000000000d407170000000000d1071702000000570a009f09000000c4071704000000480800d5080f09004e16003d09170d0000001131001331001531000f31009e130f070038170f2500e12b0f010064190f020064080f0e00a60900f41700d20900801900000000, ''),
(852, 0xd3802c7a0602000000ee0a0f0100272c00, ''),
(852, 0xd4802c7a0601000000550a00, ''),
(852, 0xd4802d7a06010000006e1800, ''),
(852, 0xd5802c7a0603000000ee0a0f01009f1600930800, ''),
(852, 0xd7802c7a0601000000390800, ''),
(852, 0xd8802c7a0601000000e00600, ''),
(852, 0xd9802c7a0601000000e10600, ''),
(853, 0xe980337a0601000000da0600, ''),
(853, 0xe480357a06010000006a1800, ''),
(853, 0xe680347a0601000000490800, ''),
(853, 0xe980347a0601000000db0600, ''),
(854, 0xd080417a0701000000dc0600, ''),
(854, 0xd080427a070100000010090f0100, ''),
(854, 0xd180417a0701000000dd0600, ''),
(854, 0xd180427a07020000007d0f0f0100b2300f0100, ''),
(854, 0xd280417a070100000070080f0a00, ''),
(854, 0xd280427a0701000000141700, ''),
(854, 0xd380417a0702000000d3071703000000ce07170000000000cf07170000000000d30717000000000000bf2b0f0100, ''),
(854, 0xd380427a0702000000c41d0f1400860800, ''),
(854, 0xd380437a0701000000be0400, ''),
(854, 0xd580437a0703000000fa0900ab0900ab0900, ''),
(854, 0xd380447a0702000000d3071701000000fa090000e51c00, ''),
(854, 0xd380457a07010000008d0800, ''),
(854, 0xd380467a0702000000f5160f01008e0800, ''),
(854, 0xd480447a0701000000dd1e00, ''),
(854, 0xd480457a0702000000dd0900f7160f0100, ''),
(854, 0xd480467a0701000000d71e00, ''),
(854, 0xd580447a07010000000e1d00, ''),
(854, 0xd580457a0701000000c42200, ''),
(854, 0xd580467a07010000005f090f1100, ''),
(854, 0xd680457a0701000000bb0400, ''),
(855, 0xcf80567a0601000000dc0600, ''),
(855, 0xd080527a0601000000bd0400, ''),
(855, 0xd580517a0701000000ba0400, ''),
(855, 0xd080567a0601000000dd0600, ''),
(856, 0xce80537a0701000000e00600, ''),
(856, 0xcf80537a0701000000e10600, ''),
(856, 0xce80567a0701000000e00600, ''),
(856, 0xcf80567a0701000000e10600, ''),
(856, 0xd580557a0701000000ba0400, ''),
(857, 0xd480537a0601000000da0600, ''),
(857, 0xd380577a0601000000bd0400, ''),
(857, 0xd480547a0601000000db0600, ''),
(857, 0xd580597a0701000000ba0400, ''),
(858, 0xe3805b7a0701000000de0600, ''),
(858, 0xe1805f7a07010000006d1800, ''),
(858, 0xe3805c7a0701000000df0600, ''),
(859, 0xce80677a0701000000da0600, ''),
(859, 0xce80687a0701000000db0600, ''),
(859, 0xd480687a07010000006b1800, ''),
(860, 0xf9805f7a0701000000bd0400, ''),
(860, 0xf680627a0701000000dc0600, ''),
(860, 0xf780627a0701000000dd0600, ''),
(861, 0xfe80627a0701000000bc0400, ''),
(861, 0xfe80647a0701000000dc0600, ''),
(861, 0xff80647a0701000000dd0600, ''),
(861, 0x00815e7a0701000000be0400, ''),
(862, 0x04815f7a0701000000bc0400, ''),
(862, 0x0181637a0701000000de0600, ''),
(862, 0x0181647a0701000000df0600, ''),
(863, 0xf780537a0701000000de0600, ''),
(863, 0xfb80537a07010000006d080f0200, ''),
(863, 0xf780547a0701000000df0600, ''),
(863, 0xf880557a070100000061080f0700, ''),
(863, 0xf880567a07010000008b0800, ''),
(863, 0xf880577a07010000009f0800, ''),
(863, 0xfa80557a070100000070080f0200, ''),
(863, 0xfa80567a0701000000d70900, ''),
(863, 0xfa80577a0701000000280900, ''),
(863, 0xfb80557a070100000068080f6200, ''),
(863, 0xfb80567a0701000000c42200, ''),
(863, 0xf980597a0701000000be0400, ''),
(864, 0xfe80567a0701000000de0600, ''),
(864, 0xfe80577a0701000000df0600, ''),
(864, 0x0181597a0701000000be0400, ''),
(865, 0xfa803f7a0701000000de0600, ''),
(865, 0xf680417a0701000000b90400, ''),
(865, 0xfa80407a0701000000df0600, ''),
(866, 0xf680487a0701000000ba0400, ''),
(866, 0xfa80487a0701000000de0600, ''),
(866, 0xfa80497a0701000000df0600, ''),
(867, 0xe8804d7a0701000000831e00, ''),
(867, 0xe8804e7a0701000000841e00, ''),
(867, 0xe9804d7a0701000000c70900, ''),
(867, 0xe9804e7a0702000000ad0900f9470f0100, ''),
(867, 0xea804d7a0701000000240800, ''),
(867, 0xea804e7a07020000008b0800900800, ''),
(867, 0xea804f7a07010000006e1800, ''),
(867, 0xeb804d7a07010000007a0600, ''),
(867, 0xeb804e7a07010000008b0800, ''),
(867, 0xec804d7a0702000000530600160a00, ''),
(867, 0xec804e7a07020000008b0800d30900, ''),
(867, 0xed804e7a07010000006b1800, ''),
(867, 0xee804d7a0701000000d41800, ''),
(867, 0xee804e7a0702000000e00900e00900, ''),
(867, 0xef804d7a0701000000820600, ''),
(867, 0xef804e7a0702000000d80900690900, ''),
(867, 0xef804f7a0701000000721800, ''),
(867, 0xe880507a0701000000c10600, ''),
(867, 0xe880517a0701000000e0181704000000c407170300000002170f64000e170f64000e170f330000c407170300000016170f030017170f010019170f010000c4071704000000282c00950816050000d31d0f6400d31d0f420000c4071704000000d207171400000081190f640081190f640081190f640081190f640081190f640081190f640081190f640081190f640081190f640081190f640081190f640081190f640081190f640081190f640081190f640081190f640081190f640081190f640081190f640081190f640000d307170f000000f9160f0600f4160f0600b11600f2120064190f200038170f2900d307170300000061080f010079080065080f01000051290f010081190f640081190f640081190f640081190f640081190f640081190f640081190f290000d207171400000081190f640081190f640081190f640081190f640081190f640081190f640081190f640081190f640081190f640081190f640081190f640081190f640081190f640081190f640081190f640081190f640081190f640081190f640081190f640081190f640000d4071707000000dc080f6400dc080f6400dc080f6400dc080f0900da2200e2080f6400490800000000, ''),
(867, 0xe880527a0701000000e0181701000000c40717120000005007005007005007005007005007004407004407004407004407004407004a07004a07004a07004a07004a07004107004107004107000000, ''),
(867, 0xe980507a0703000000490800201d0066080f0b00, ''),
(867, 0xe980517a0701000000880600, ''),
(867, 0xe980527a0704000000a41d0f2a00790800790810280b04000067080f0300, ''),
(867, 0xea80507a0701000000860600, ''),
(867, 0xea80517a07050000004e06007c0a0f0800710a0f0500780a0f04008c220f1800, ''),
(867, 0xea80527a0701000000870600, ''),
(867, 0xeb80507a0701000000200800, ''),
(867, 0xeb80517a0701000000890600, ''),
(867, 0xeb80527a07060000000e1d000e1d00053600580900d009005f090f2000, ''),
(868, 0xea80477a07010000006e1800, ''),
(868, 0xeb804b7a0701000000e00600, ''),
(868, 0xec804b7a0701000000e10600, ''),
(869, 0xdf80577a0701000000620600, ''),
(869, 0xdc80587a07010000006a1800, ''),
(869, 0xe280577a07010000006a1800, ''),
(869, 0xe380557a0701000000e00600, ''),
(869, 0xe480557a0701000000e10600, ''),
(869, 0xe380597a0701000000e00600, ''),
(869, 0xe480597a0701000000e10600, ''),
(870, 0xce80677a0601000000da0600, ''),
(870, 0xce80687a0601000000db0600, ''),
(870, 0xd480687a0601000000691800, ''),
(871, 0x0181607a0601000000dc0600, ''),
(871, 0x0281607a0601000000dd0600, ''),
(871, 0x0781637a0601000000b90400, ''),
(872, 0x1681677a0501000000e00600, ''),
(872, 0x1781677a0501000000e10600, ''),
(872, 0x1581667a0601000000691800, ''),
(873, 0x1681527a0601000000da0600, ''),
(873, 0x1681537a0601000000db0600, ''),
(873, 0x1381597a06010000006c1800, ''),
(874, 0x1781457a0601000000e00600, ''),
(874, 0x1881457a0601000000e10600, ''),
(874, 0x1981477a06010000006a1800, ''),
(874, 0x1c81447a06010000006c1800, ''),
(874, 0x1781487a0601000000e00600, ''),
(874, 0x1881487a0601000000e10600, ''),
(875, 0x18813f7a06010000006c1800, ''),
(875, 0x19813d7a0601000000da0600, ''),
(875, 0x19813e7a0601000000db0600, ''),
(875, 0x1a81427a06010000006a1800, ''),
(876, 0x1f812f7a0601000000da0600, ''),
(876, 0x1f81307a0601000000db0600, ''),
(876, 0x2381337a06010000006c1800, ''),
(877, 0x4b81f97a0601000000dc0600, ''),
(877, 0x4c81f97a0601000000dd0600, ''),
(877, 0x4f81f87a0601000000b90400, ''),
(878, 0x5781f77a0601000000dc0600, ''),
(878, 0x5881f77a0601000000dd0600, ''),
(878, 0x5481f87a0601000000b90400, ''),
(879, 0x5881f37a0601000000de0600, ''),
(879, 0x5481f47a0601000000b90400, ''),
(879, 0x5881f47a0601000000df0600, ''),
(880, 0x4e81f67a0501000000de0600, ''),
(880, 0x4e81f77a0501000000df0600, ''),
(880, 0x4a81f87a0501000000b90400, ''),
(881, 0x4181f97a0501000000de0600, ''),
(881, 0x4181fa7a0501000000df0600, ''),
(881, 0x4681fa7a0501000000b90400, ''),
(882, 0x4181f57a0501000000dc0600, ''),
(882, 0x4181f77a0501000000dc0600, ''),
(882, 0x4281f57a0501000000dd0600, ''),
(882, 0x4281f77a0501000000dd0600, ''),
(882, 0x4681f77a0501000000b90400, ''),
(883, 0x4281eb7a0601000000dc0600, ''),
(883, 0x4381eb7a0601000000dd0600, ''),
(883, 0x4381ef7a0601000000bc0400, ''),
(884, 0x4781eb7a0601000000dc0600, ''),
(884, 0x4881eb7a0601000000dd0600, ''),
(884, 0x4981ef7a0601000000bc0400, ''),
(885, 0xcc80227a0701000000da0600, ''),
(885, 0xcc80237a0701000000db0600, ''),
(885, 0xd180237a0701000000691800, ''),
(886, 0xd280267a0701000000da0600, ''),
(886, 0xd280277a0701000000db0600, ''),
(886, 0xd680277a0701000000691800, ''),
(887, 0xd2801a7a0701000000da0600, ''),
(887, 0xd2801b7a0701000000db0600, ''),
(887, 0xd1801c7a07010000006d1800, ''),
(887, 0xd5801f7a0701000000691800, ''),
(890, 0xdd804b7a0601000000e2080f4c00, ''),
(890, 0xde80497a0601000000d407170000000000, ''),
(890, 0xde804a7a0601000000d107170000000000, ''),
(890, 0xde804b7a0601000000d207170300000070080f640070080f640070080f640000, ''),
(890, 0xdf80497a060100000064080f4100, ''),
(890, 0xdf804a7a0601000000a51d0f2900, ''),
(890, 0xdf804b7a060100000070080f0a00, ''),
(890, 0xdd804b7a0701000000d007170000000000, ''),
(890, 0xde804a7a070100000063080f0200, ''),
(890, 0xde804b7a0701000000d40900, ''),
(890, 0xdf80487a07010000006e1800, ''),
(890, 0xdf804a7a0701000000a51d0f6400, ''),
(890, 0xdf804b7a0701000000b80a00, ''),
(890, 0xdd804c7a060100000065080f0b00, ''),
(890, 0xdd804d7a0601000000dc080f6400, ''),
(890, 0xde804c7a0601000000ce07170000000000, ''),
(890, 0xde804d7a0601000000d307170000000000, ''),
(890, 0xdf804c7a0601000000710a0f0a00, ''),
(890, 0xdf804d7a0601000000910800, ''),
(890, 0xdf804e7a06010000006d1800, ''),
(890, 0xdd804c7a0702000000e2080f6400e2080f6400, ''),
(890, 0xdd804d7a0701000000dc080f6400, ''),
(890, 0xdf804c7a0701000000930800, ''),
(890, 0xdf804e7a07010000006e1800, ''),
(890, 0xe3804a7a0501000000e00600, ''),
(890, 0xe080497a0601000000730a0f0700, ''),
(890, 0xe0804a7a0601000000790a0f0100, ''),
(890, 0xe0804b7a0601000000900800, ''),
(890, 0xe180497a06010000007c0a0f0400, ''),
(890, 0xe1804b7a060100000062080f0100, ''),
(890, 0xe0804a7a0701000000810a0f0500, ''),
(890, 0xe0804b7a0701000000c407170c000000c21d0f030087220f0300790a0f0300700a0f0300dc080f6200df080f1100fe080f6400e2080f6400e2080f2800a51d0f4f00c307170000000000f5080f5c0000, ''),
(890, 0xe1804a7a07040000007d08160200007d08160200007d08160200007d0816020000, ''),
(890, 0xe1804b7a0701000000880a0f0300, ''),
(890, 0xe2804b7a0701000000701800, ''),
(890, 0xe4804a7a0501000000e10600, ''),
(890, 0xe4804a7a070100000086220f0200, ''),
(890, 0xe3804d7a0501000000e00600, ''),
(890, 0xe0804c7a0601000000700a0f0400, ''),
(890, 0xe0804d7a0601000000870a0f0600, ''),
(890, 0xe1804c7a0601000000c80a0f0100, ''),
(890, 0xe2804c7a06010000006b1800, ''),
(890, 0xe0804c7a0701000000820a0f0600, ''),
(890, 0xe1804d7a07010000006f0a0f0100, ''),
(890, 0xe2804d7a07010000001a0700, ''),
(890, 0xe4804d7a0501000000e10600, ''),
(890, 0xe5804d7a0501000000e00600, ''),
(890, 0xe6804d7a0501000000e10600, ''),
(890, 0xe5804f7a0601000000e00600, ''),
(890, 0xe6804f7a0601000000e10600, ''),
(890, 0xe5804f7a07010000006d1800, ''),
(890, 0xe280517a06010000006a1800, ''),
(890, 0xe280527a07010000006a1800, ''),
(890, 0xe580507a0601000000e00600, ''),
(890, 0xe580517a0601000000e00600, ''),
(890, 0xe580527a0601000000e00600, ''),
(890, 0xe580537a0601000000e00600, ''),
(890, 0xe680507a0601000000e10600, ''),
(890, 0xe680517a0601000000e10600, ''),
(890, 0xe680527a0601000000e10600, ''),
(890, 0xe680537a0601000000e10600, ''),
(891, 0x03812d7a0601000000de0600, ''),
(891, 0x03812e7a0601000000df0600, ''),
(891, 0x03812d7a0701000000dc0600, ''),
(891, 0x07812d7a0601000000de0600, ''),
(891, 0x07812e7a0601000000df0600, ''),
(891, 0x04812d7a0701000000dd0600, ''),
(891, 0x07812f7a0701000000b90400, ''),
(891, 0x0b812d7a0701000000dc0600, ''),
(891, 0x0c812d7a0601000000de0600, ''),
(891, 0x0c812e7a0601000000df0600, ''),
(891, 0x0c812d7a0701000000dd0600, ''),
(891, 0x0f812f7a0701000000b90400, ''),
(891, 0x12812f7a0601000000b90400, ''),
(891, 0x12812e7a0701000000b90400, ''),
(891, 0x16812d7a0601000000de0600, ''),
(891, 0x16812e7a0601000000df0600, ''),
(891, 0x15812d7a0701000000dc0600, ''),
(891, 0x16812d7a0701000000dd0600, ''),
(891, 0x0381317a0701000000dc0600, ''),
(891, 0x0581317a0601000000bc0400, ''),
(891, 0x0481317a0701000000dd0600, ''),
(891, 0x0781327a0701000000b90400, ''),
(891, 0x0981317a0601000000bc0400, ''),
(891, 0x0b81317a0701000000de0600, ''),
(891, 0x0b81327a0701000000df0600, ''),
(891, 0x0d81317a0601000000bc0400, ''),
(891, 0x0381377a0601000000dc0600, ''),
(891, 0x0381377a0701000000dc0600, ''),
(891, 0x0481377a0601000000dd0600, ''),
(891, 0x0681347a0601000000bc0400, ''),
(891, 0x0481377a0701000000dd0600, ''),
(891, 0x0781367a0701000000b90400, ''),
(891, 0x0a81377a0601000000dc0600, ''),
(891, 0x0b81377a0601000000dd0600, ''),
(891, 0x0c81347a0601000000bc0400, ''),
(891, 0x0d81347a0701000000bc0400, ''),
(891, 0x0e81387a0701000000be0400, ''),
(891, 0x1281327a0601000000b90400, ''),
(891, 0x1281327a0701000000b90400, ''),
(891, 0x1681317a0601000000de0600, ''),
(891, 0x1681327a0601000000df0600, ''),
(891, 0x1581317a0701000000dc0600, ''),
(891, 0x1681317a0701000000dd0600, ''),
(891, 0x1281367a0601000000b90400, ''),
(891, 0x1281367a0701000000b90400, ''),
(891, 0x1681357a0601000000de0600, ''),
(891, 0x1681367a0601000000df0600, ''),
(891, 0x1581357a0701000000dc0600, ''),
(891, 0x1681357a0701000000dd0600, ''),
(892, 0x1f812f7a0701000000da0600, ''),
(892, 0x1f81307a0701000000db0600, ''),
(893, 0xe7813d7b0701000000d30400, ''),
(893, 0xe481417b0601000000d30400, ''),
(893, 0xe481437b0601000000d30400, ''),
(893, 0xe481417b0701000000d30400, ''),
(893, 0xe481437b0701000000d30400, ''),
(893, 0xea81417b0601000000d30400, ''),
(893, 0xea81437b0601000000d30400, ''),
(893, 0xea81417b0701000000d30400, ''),
(893, 0xea81437b0701000000d30400, ''),
(894, 0xe381217b0701000000e20400, ''),
(895, 0xe381257b0701000000e20400, ''),
(896, 0xe281217b0601000000e20400, ''),
(897, 0xe181237b0601000000e40400, ''),
(898, 0xda81247b0601000000e40400, ''),
(899, 0xda81217b0601000000e40400, ''),
(900, 0x6e80dc790701000000de0600, ''),
(900, 0x6e80dd790701000000df0600, ''),
(900, 0x6e80e1790701000000eb1a00, ''),
(900, 0x7080e3790701000000f41a00, ''),
(901, 0x7f80df790601000000dc0600, ''),
(901, 0x8080df790601000000dd0600, ''),
(901, 0x8180e3790601000000eb1a00, ''),
(902, 0x5e80db7906010000008e1a00, ''),
(902, 0x5b80dd790601000000dc0600, ''),
(902, 0x5c80dd790601000000dd0600, ''),
(902, 0x6280db7906010000008f1b00, ''),
(903, 0x6780cd790601000000dc0600, ''),
(903, 0x6880cd790601000000dd0600, ''),
(903, 0x6880cf7906010000008b1a00, ''),
(903, 0x6980d3790601000000901b00, ''),
(904, 0x5980cd790501000000dc0600, ''),
(904, 0x5a80cd790501000000dd0600, ''),
(904, 0x5980d0790501000000dc0600, ''),
(904, 0x5a80d0790501000000dd0600, ''),
(904, 0x5d80d07905010000008d1a00, ''),
(904, 0x6080d3790501000000911b00, ''),
(905, 0x6e80cb790601000000f41a00, ''),
(905, 0x6f80c8790601000000dc0600, ''),
(905, 0x7080c8790601000000dd0600, ''),
(905, 0x7180ca790701000000f61a00, ''),
(906, 0x8780c7790601000000eb1a00, ''),
(906, 0x8080c8790601000000de0600, ''),
(906, 0x8080c9790601000000df0600, ''),
(906, 0x8480c9790601000000f41a00, ''),
(907, 0x8980c5790601000000f51a00, ''),
(907, 0x8c80c7790601000000eb1a00, ''),
(907, 0x8a80c9790601000000de0600, ''),
(907, 0x8a80ca790601000000df0600, ''),
(907, 0x8d80c9790601000000de0600, ''),
(907, 0x8d80ca790601000000df0600, ''),
(908, 0x7f80b7790701000000de0600, ''),
(908, 0x7f80b8790701000000df0600, ''),
(908, 0x8480b9790701000000f41a00, ''),
(909, 0x7680b0790601000000dc0600, ''),
(909, 0x7780b0790601000000dd0600, ''),
(909, 0x7880b5790601000000ec1a00, ''),
(910, 0x7e80b0790601000000de0600, ''),
(910, 0x7e80b1790601000000df0600, ''),
(910, 0x7c80b5790601000000ed1a00, ''),
(911, 0x7e80b9790601000000f61a00, ''),
(911, 0x8380ba790601000000de0600, ''),
(911, 0x8380bb790601000000df0600, ''),
(912, 0x8c80b1790701000000de0600, ''),
(912, 0x8c80b2790701000000df0600, ''),
(912, 0x8b80b6790701000000eb1a00, ''),
(913, 0x8e80b1790701000000dc0600, ''),
(913, 0x8f80b1790701000000dd0600, ''),
(913, 0x8f80b4790701000000eb1a00, ''),
(913, 0x9180b9790701000000eb1a00, ''),
(914, 0x9280b3790701000000dc0600, ''),
(914, 0x9380b3790701000000dd0600, ''),
(914, 0x9480b2790701000000f41a00, ''),
(914, 0x9680b5790701000000eb1a00, ''),
(915, 0x9a80b0790701000000dc0600, ''),
(915, 0x9b80b0790701000000dd0600, ''),
(915, 0x9a80b5790701000000eb1a00, ''),
(916, 0x8e80b1790601000000dc0600, ''),
(916, 0x8f80b1790601000000dd0600, ''),
(916, 0x9280b1790601000000dc0600, ''),
(916, 0x9380b1790601000000dd0600, ''),
(916, 0x9180b5790601000000eb1a00, ''),
(917, 0x9780bf790701000000eb1a00, ''),
(917, 0x9880c4790701000000eb1a00, ''),
(917, 0x9980c7790701000000dc0600, ''),
(917, 0x9a80c5790701000000de0600, ''),
(917, 0x9a80c6790701000000df0600, ''),
(917, 0x9a80c7790701000000dd0600, ''),
(918, 0xa180be790701000000f41a00, ''),
(918, 0xa780be790701000000de0600, ''),
(918, 0xa780bf790701000000df0600, ''),
(919, 0xb780b1790701000000de0600, ''),
(919, 0xb780b2790701000000df0600, ''),
(919, 0xb280b4790701000000f41a00, ''),
(920, 0xb680ad790701000000f41a00, ''),
(920, 0xb980b1790701000000dc0600, ''),
(920, 0xba80b1790701000000dd0600, ''),
(921, 0xa880aa790701000000dc0600, ''),
(921, 0xa980aa790701000000dd0600, ''),
(921, 0xad80ad790701000000f41a00, ''),
(922, 0xad80a5790701000000f41a00, ''),
(922, 0xa880a8790701000000dc0600, ''),
(922, 0xa980a8790701000000dd0600, ''),
(923, 0xa5809c790701000000dc0600, ''),
(923, 0xa6809c790701000000dd0600, ''),
(923, 0xab809e790701000000f41a00, ''),
(923, 0xa580a1790701000000dc0600, ''),
(923, 0xa680a1790701000000dd0600, ''),
(924, 0xa68097790701000000de0600, ''),
(924, 0xa68098790701000000df0600, ''),
(924, 0xad8099790701000000f41a00, ''),
(925, 0xa88092790701000000de0600, ''),
(925, 0xa88093790701000000df0600, ''),
(925, 0xad8094790701000000f41a00, ''),
(926, 0xa78097790601000000de0600, ''),
(926, 0xa98096790601000000eb1a00, ''),
(926, 0xac8096790601000000eb1a00, ''),
(926, 0xa78098790601000000df0600, ''),
(927, 0xab809a790601000000f41a00, ''),
(927, 0xa9809e790601000000eb1a00, ''),
(927, 0xa780a0790601000000de0600, ''),
(927, 0xa780a1790601000000df0600, ''),
(927, 0xaa80a0790601000000de0600, ''),
(927, 0xaa80a1790601000000df0600, ''),
(928, 0xba8093790701000000dc0600, ''),
(928, 0xbb8093790701000000dd0600, ''),
(928, 0xb38096790701000000f51a00, ''),
(928, 0xb68095790701000000630600, ''),
(928, 0xb98095790701000000f61a00, ''),
(929, 0x267fa97a0701000000e00600, ''),
(929, 0x267fab7a0701000000e00600, ''),
(929, 0x277fa97a0701000000e10600, ''),
(929, 0x277fab7a0701000000e10600, ''),
(929, 0x297faa7a04010000008d1500, ''),
(929, 0x297fa97a0501000000e00600, ''),
(929, 0x2a7fa97a0501000000e10600, ''),
(929, 0x2a7faa7a07010000008b1500, ''),
(929, 0x2d7faa7a07010000008b1500, ''),
(929, 0x2b7fac7a07010000008d1500, ''),
(930, 0x217fa17a0501000000e00600, ''),
(930, 0x227fa17a0501000000e10600, ''),
(930, 0x237fa37a07010000008b1500, ''),
(930, 0x257fa37a06010000008b1500, ''),
(930, 0x2a7fa37a07010000008b1500, ''),
(930, 0x217fa57a0501000000e00600, ''),
(930, 0x227fa57a0501000000e10600, ''),
(931, 0x317fa37a07010000008b1500, ''),
(931, 0x367fa67a05010000008d1500, ''),
(931, 0x367fa57a06010000008b1500, ''),
(931, 0x367fa47a07010000008d1500, ''),
(931, 0x377fa67a0701000000da0600, ''),
(931, 0x377fa77a0701000000db0600, ''),
(931, 0x3a7fa47a0601000000e00600, ''),
(931, 0x3a7fa57a0601000000e00600, ''),
(931, 0x3b7fa47a0601000000e10600, ''),
(931, 0x3b7fa57a0601000000e10600, ''),
(931, 0x3b7fa67a0701000000da0600, ''),
(931, 0x3b7fa77a0701000000db0600, ''),
(932, 0x327f9e7a06010000008b1500, ''),
(932, 0x357f9d7a0501000000da0600, ''),
(932, 0x357f9e7a0501000000db0600, ''),
(932, 0x367f9d7a0501000000da0600, ''),
(932, 0x367f9e7a0501000000db0600, ''),
(932, 0x2f7fa07a07010000008d1500, ''),
(933, 0x1f7f8b7a0701000000da0600, ''),
(933, 0x1c7f8e7a0701000000da0600, ''),
(933, 0x1c7f8f7a0701000000db0600, ''),
(933, 0x1d7f8c7a0701000000da0600, ''),
(933, 0x1d7f8d7a0701000000db0600, ''),
(933, 0x1f7f8c7a0701000000db0600, ''),
(933, 0x247f8a7a0701000000e00600, ''),
(933, 0x247f8b7a0701000000e00600, ''),
(933, 0x257f8a7a0701000000e10600, ''),
(933, 0x257f8b7a0701000000e10600, ''),
(933, 0x277f8a7a0701000000e00600, ''),
(933, 0x287f8a7a0701000000e10600, ''),
(933, 0x237f8e7a07010000008d1500, ''),
(933, 0x277f8d7a0701000000e00600, ''),
(933, 0x287f8d7a0601000000e00600, ''),
(933, 0x297f8d7a0601000000e10600, ''),
(933, 0x287f8d7a0701000000e10600, ''),
(933, 0x2a7f8c7a0701000000e00600, ''),
(933, 0x2b7f8c7a0701000000e10600, ''),
(933, 0x1a7f917a0701000000e00600, ''),
(933, 0x1b7f917a0701000000e10600, ''),
(933, 0x1f7f907a0501000000da0600, ''),
(933, 0x1f7f917a0501000000db0600, ''),
(933, 0x1f7f927a06010000008d1500, ''),
(933, 0x1e7f917a0701000000e00600, ''),
(933, 0x1f7f917a0701000000e10600, ''),
(933, 0x1a7f967a0701000000e00600, ''),
(933, 0x1b7f967a0701000000e10600, ''),
(933, 0x1f7f967a06010000008d1500, ''),
(933, 0x1e7f967a0701000000e00600, ''),
(933, 0x1f7f967a0701000000e10600, ''),
(933, 0x1f7f9a7a0501000000da0600, ''),
(933, 0x1f7f9b7a0501000000db0600, ''),
(933, 0x1d7f9a7a0701000000da0600, ''),
(933, 0x1e7f9b7a0701000000da0600, ''),
(933, 0x1f7f9b7a0701000000da0600, ''),
(933, 0x1e7f9c7a0701000000db0600, ''),
(933, 0x1f7f9c7a0701000000db0600, ''),
(933, 0x207f907a07010000008b1500, ''),
(933, 0x287f927a06010000008d1500, ''),
(933, 0x297f907a07010000008b1500, ''),
(933, 0x2c7f907a0701000000e00600, ''),
(933, 0x2d7f907a0701000000e10600, ''),
(933, 0x2d7f927a0701000000e00600, ''),
(933, 0x2d7f937a0701000000e00600, ''),
(933, 0x2e7f927a0701000000e10600, ''),
(933, 0x2e7f937a0701000000e10600, ''),
(933, 0x267f947a07010000008b1500, ''),
(933, 0x287f967a06010000008d1500, ''),
(933, 0x297f947a07010000008b1500, ''),
(933, 0x2c7f977a0701000000e00600, ''),
(933, 0x2d7f957a0701000000e00600, ''),
(933, 0x2d7f977a0701000000e10600, ''),
(933, 0x2e7f957a0701000000e10600, ''),
(933, 0x207f987a07010000008b1500, ''),
(933, 0x237f997a07010000008d1500, ''),
(933, 0x287f9b7a0601000000e00600, ''),
(933, 0x297f9b7a0601000000e10600, ''),
(933, 0x297f987a07010000008b1500, ''),
(933, 0x217f9d7a0701000000e00600, ''),
(933, 0x227f9d7a0701000000e10600, ''),
(933, 0x247f9d7a0701000000e00600, ''),
(933, 0x257f9d7a0701000000e10600, ''),
(933, 0x277f9d7a0701000000e00600, ''),
(933, 0x287f9d7a0701000000e10600, ''),
(934, 0x1f7f777a06010000008d1500, ''),
(934, 0x1f7f7b7a07010000008d1500, ''),
(934, 0x1f7f7c7a06010000008d1500, ''),
(934, 0x1d7f7d7a0701000000da0600, ''),
(934, 0x1d7f7e7a0701000000db0600, ''),
(934, 0x1e7f7d7a0701000000da0600, ''),
(934, 0x1e7f7e7a0701000000db0600, ''),
(934, 0x227f7a7a07010000008b1500, ''),
(934, 0x277f7a7a07010000008b1500, ''),
(934, 0x207f7d7a0701000000da0600, ''),
(934, 0x207f7e7a0701000000db0600, ''),
(934, 0x217f7d7a0701000000da0600, ''),
(934, 0x217f7e7a0701000000db0600, ''),
(935, 0x287f7f7a06010000008b1500, ''),
(935, 0x2b7f7d7a07010000008d1500, ''),
(935, 0x257f837a0601000000da0600, ''),
(935, 0x267f807a06010000008d1500, ''),
(935, 0x277f837a0601000000da0600, ''),
(935, 0x287f807a07010000008d1500, ''),
(935, 0x257f847a0601000000db0600, ''),
(935, 0x277f847a0601000000db0600, ''),
(936, 0x2e7f7c7a07010000008b1500, ''),
(936, 0x327f7d7a07010000008d1500, ''),
(936, 0x327f7f7a0701000000da0600, ''),
(936, 0x337f7f7a0701000000da0600, ''),
(936, 0x327f807a0701000000db0600, ''),
(936, 0x337f807a0701000000db0600, ''),
(937, 0x2f7f707a0701000000da0600, ''),
(937, 0x2f7f717a0701000000db0600, ''),
(937, 0x2b7f747a07010000008d1500, ''),
(937, 0x2c7f777a07010000008d1500, ''),
(937, 0x2e7f767a07010000008b1500, ''),
(937, 0x317f737a07010000008d1500, ''),
(938, 0x2a7f727a0601000000e00600, ''),
(938, 0x2b7f727a0601000000e10600, ''),
(938, 0x2d7f737a06010000008b1500, ''),
(938, 0x2a7f757a0601000000e00600, ''),
(938, 0x2b7f757a0601000000e10600, ''),
(938, 0x2f7f757a05010000008d1500, ''),
(938, 0x2f7f757a06010000008d1500, ''),
(939, 0x2f7f667a0701000000e00600, ''),
(939, 0x2f7f6b7a0701000000da0600, ''),
(939, 0x2f7f6c7a0701000000db0600, ''),
(939, 0x307f667a0701000000e10600, ''),
(939, 0x307f6b7a0701000000da0600, ''),
(939, 0x317f687a07010000008b1500, ''),
(939, 0x317f6b7a0701000000da0600, ''),
(939, 0x327f697a07010000008d1500, ''),
(939, 0x347f687a07010000008b1500, ''),
(939, 0x307f6c7a0701000000db0600, ''),
(939, 0x317f6c7a0701000000db0600, ''),
(940, 0x347f6a7a06010000008b1500, ''),
(941, 0x3c7f6b7a07010000008d1500, ''),
(941, 0x3c7f6e7a07010000008d1500, ''),
(941, 0x3d7f6d7a07010000008b1500, ''),
(941, 0x3c7f717a0701000000da0600, ''),
(941, 0x3c7f727a0701000000db0600, ''),
(941, 0x3e7f717a0701000000da0600, ''),
(941, 0x3e7f727a0701000000db0600, ''),
(941, 0x3f7f707a0701000000da0600, ''),
(941, 0x3f7f717a0701000000db0600, ''),
(941, 0x407f6f7a0701000000da0600, ''),
(941, 0x407f707a0701000000db0600, ''),
(942, 0x2f7f667a0501000000e00600, ''),
(942, 0x2f7f6b7a0401000000da0600, ''),
(942, 0x2d7f687a0501000000da0600, ''),
(942, 0x2d7f697a0501000000db0600, ''),
(942, 0x2f7f6c7a0401000000db0600, ''),
(942, 0x2f7f6c7a0501000000e00600, ''),
(942, 0x3b7f627a06010000008d1500, ''),
(942, 0x3b7f637a07010000008d1500, ''),
(942, 0x3c7f637a05010000008d1500, ''),
(942, 0x3d7f607a0601000000e00600, ''),
(942, 0x3e7f607a0601000000e10600, ''),
(942, 0x3f7f627a0601000000e00600, ''),
(942, 0x3f7f637a0601000000e00600, ''),
(942, 0x3d7f607a0701000000e00600, ''),
(942, 0x3e7f607a0701000000e10600, ''),
(942, 0x3e7f617a0701000000e00600, ''),
(942, 0x3f7f617a0701000000e10600, ''),
(942, 0x3f7f627a0701000000e00600, ''),
(942, 0x307f667a0401000000e00600, ''),
(942, 0x317f667a0401000000e10600, ''),
(942, 0x307f667a0501000000e10600, ''),
(942, 0x3f7f647a0501000000da0600, ''),
(942, 0x3f7f657a0501000000db0600, ''),
(942, 0x3f7f647a0601000000e00600, ''),
(942, 0x3c7f677a07010000008d1500, ''),
(942, 0x3d7f657a07010000008b1500, ''),
(942, 0x3f7f647a0701000000e00600, ''),
(942, 0x317f6b7a0401000000da0600, ''),
(942, 0x327f687a04010000008b1500, ''),
(942, 0x317f697a05010000008b1500, ''),
(942, 0x317f6c7a0401000000db0600, ''),
(942, 0x307f6c7a0501000000e10600, ''),
(942, 0x3b7f6e7a04010000008d1500, ''),
(942, 0x3d7f6e7a04010000008d1500, ''),
(942, 0x3d7f6f7a05010000008d1500, ''),
(942, 0x3d7f727a0401000000e00600, ''),
(942, 0x3e7f727a0401000000e10600, ''),
(942, 0x3d7f727a0501000000e00600, ''),
(942, 0x3e7f717a0501000000e00600, ''),
(942, 0x3e7f727a0501000000e10600, ''),
(942, 0x3f7f707a0501000000e00600, ''),
(942, 0x3f7f717a0501000000e10600, ''),
(942, 0x3d7f727a0601000000e00600, ''),
(942, 0x3e7f727a0601000000e10600, ''),
(942, 0x3f7f707a0601000000e00600, ''),
(942, 0x407f637a0501000000da0600, ''),
(942, 0x407f627a0601000000e10600, ''),
(942, 0x407f637a0601000000e10600, ''),
(942, 0x407f627a0701000000e10600, ''),
(942, 0x407f647a0501000000db0600, ''),
(942, 0x407f647a0601000000e10600, ''),
(942, 0x407f647a0701000000e10600, ''),
(942, 0x407f6f7a0401000000da0600, ''),
(942, 0x407f707a0401000000db0600, ''),
(942, 0x407f707a0501000000e10600, ''),
(942, 0x407f707a0601000000e10600, '');

-- --------------------------------------------------------

--
-- Estrutura da tabela `towns`
--

CREATE TABLE `towns` (
  `id` int(11) NOT NULL,
  `name` varchar(255) NOT NULL,
  `posx` int(11) NOT NULL DEFAULT '0',
  `posy` int(11) NOT NULL DEFAULT '0',
  `posz` int(11) NOT NULL DEFAULT '0'
) ENGINE=InnoDB DEFAULT CHARSET=utf8;

--
-- Extraindo dados da tabela `towns`
--

INSERT INTO `towns` (`id`, `name`, `posx`, `posy`, `posz`) VALUES
(14, 'Forgotten\'s Rookgaard', 31869, 32151, 8),
(15, 'Rhyves', 33025, 31309, 6),
(16, 'Yalahar', 32592, 31447, 5);

-- --------------------------------------------------------

--
-- Estrutura da tabela `z_forum`
--

CREATE TABLE `z_forum` (
  `id` int(11) NOT NULL,
  `first_post` int(11) NOT NULL DEFAULT '0',
  `last_post` int(11) NOT NULL DEFAULT '0',
  `section` int(3) NOT NULL DEFAULT '0',
  `replies` int(20) NOT NULL DEFAULT '0',
  `views` int(20) NOT NULL DEFAULT '0',
  `author_aid` int(20) NOT NULL DEFAULT '0',
  `author_guid` int(20) NOT NULL DEFAULT '0',
  `post_text` text NOT NULL,
  `post_topic` varchar(255) NOT NULL,
  `post_smile` tinyint(1) NOT NULL DEFAULT '0',
  `post_date` int(20) NOT NULL DEFAULT '0',
  `last_edit_aid` int(20) NOT NULL DEFAULT '0',
  `edit_date` int(20) NOT NULL DEFAULT '0',
  `post_ip` varchar(15) NOT NULL DEFAULT '0.0.0.0'
) ENGINE=InnoDB DEFAULT CHARSET=latin1;

--
-- Extraindo dados da tabela `z_forum`
--

INSERT INTO `z_forum` (`id`, `first_post`, `last_post`, `section`, `replies`, `views`, `author_aid`, `author_guid`, `post_text`, `post_topic`, `post_smile`, `post_date`, `last_edit_aid`, `edit_date`, `post_ip`) VALUES
(8, 8, 1536532700, 1, 0, 56, 1, 1, '<table align=\"center\" width=\"93%\"><tr><td>No more training to advance skills!\r\nNo more skill loss on deaths!\r\nNo more vocations! Create your own build!\r\n</td>\r\n<td><center style=\"text-color: white; border-radius:15px; background-color:#660000; padding: 3px 15px; border: 2px solid #555555;\"><font size=\"4\"><a style=\"text-decoration: none; color: white;\" href=\"http://www.mediafire.com/file/i3gpunnjmdhx2lb/TheForgottenTibia%28client+minimap%29150918.zip/file\">Download Client</font><br><font size=\"1\">with full minimap</font></a></center><center><font size=\"1\">(<a href=\"https://download.microsoft.com/download/0/6/4/064F84EA-D1DB-4EAA-9A5C-CC2F0FF6A638/vc_redist.x86.exe\">vc_redist.x86.exe</a> required to play)</font></center></td><tr><td>\r\nIncrease your power by adding skill points to:\r\n\r\n<img id=\"Mastery\" style=\"width:100%;\"src=\"http://theforgottentibia.servegame.com:8090/layouts/tibiacom/images/mastery.png\" alt=\"Mastery\"></td><td><center>\r\nEach level you advance you will receive:\r\n\r\n<b>+5 Health\r\n+5 Mana\r\n+10 Capacity\r\n+1 Speed\r\n\r\n+2 Skill Points</b> - level 1 to 8 \r\n<b>+4 Skill Points</b> - level 9 to 40\r\n<b>+3 Skill Points</b> - level 41 to 60\r\n<b>+2 Skill Points</b> - level 61 to 80\r\n<b>...</b> \r\n</center></td></tr></table>', 'Test Server phase ON!', 1, 1536532700, 1, 1537079884, '::1');

-- --------------------------------------------------------

--
-- Estrutura da tabela `z_ots_comunication`
--

CREATE TABLE `z_ots_comunication` (
  `id` int(11) NOT NULL,
  `name` varchar(255) NOT NULL,
  `type` varchar(255) NOT NULL,
  `action` varchar(255) NOT NULL,
  `param1` varchar(255) NOT NULL,
  `param2` varchar(255) NOT NULL,
  `param3` varchar(255) NOT NULL,
  `param4` varchar(255) NOT NULL,
  `param5` varchar(255) NOT NULL,
  `param6` varchar(255) NOT NULL,
  `param7` varchar(255) NOT NULL,
  `delete_it` int(2) NOT NULL DEFAULT '1'
) ENGINE=InnoDB DEFAULT CHARSET=latin1;

-- --------------------------------------------------------

--
-- Estrutura da tabela `z_shop_history_item`
--

CREATE TABLE `z_shop_history_item` (
  `id` int(11) NOT NULL,
  `to_name` varchar(255) NOT NULL DEFAULT '0',
  `to_account` int(11) NOT NULL DEFAULT '0',
  `from_nick` varchar(255) NOT NULL,
  `from_account` int(11) NOT NULL DEFAULT '0',
  `price` int(11) NOT NULL DEFAULT '0',
  `offer_id` varchar(255) NOT NULL DEFAULT '',
  `trans_state` varchar(255) NOT NULL,
  `trans_start` int(11) NOT NULL DEFAULT '0',
  `trans_real` int(11) NOT NULL DEFAULT '0'
) ENGINE=InnoDB DEFAULT CHARSET=latin1;

-- --------------------------------------------------------

--
-- Estrutura da tabela `z_shop_offer`
--

CREATE TABLE `z_shop_offer` (
  `id` int(11) NOT NULL,
  `points` int(11) NOT NULL DEFAULT '0',
  `itemid1` int(11) NOT NULL DEFAULT '0',
  `count1` int(11) NOT NULL DEFAULT '0',
  `itemid2` int(11) NOT NULL DEFAULT '0',
  `count2` int(11) NOT NULL DEFAULT '0',
  `offer_type` varchar(255) DEFAULT NULL,
  `offer_description` text NOT NULL,
  `offer_name` varchar(255) NOT NULL
) ENGINE=InnoDB DEFAULT CHARSET=latin1;

--
-- Indexes for dumped tables
--

--
-- Indexes for table `accounts`
--
ALTER TABLE `accounts`
  ADD PRIMARY KEY (`id`),
  ADD UNIQUE KEY `name` (`name`);

--
-- Indexes for table `account_bans`
--
ALTER TABLE `account_bans`
  ADD PRIMARY KEY (`account_id`),
  ADD KEY `banned_by` (`banned_by`);

--
-- Indexes for table `account_ban_history`
--
ALTER TABLE `account_ban_history`
  ADD PRIMARY KEY (`id`),
  ADD KEY `account_id` (`account_id`),
  ADD KEY `banned_by` (`banned_by`);

--
-- Indexes for table `account_viplist`
--
ALTER TABLE `account_viplist`
  ADD UNIQUE KEY `account_player_index` (`account_id`,`player_id`),
  ADD KEY `player_id` (`player_id`);

--
-- Indexes for table `guilds`
--
ALTER TABLE `guilds`
  ADD PRIMARY KEY (`id`),
  ADD UNIQUE KEY `name` (`name`),
  ADD UNIQUE KEY `ownerid` (`ownerid`);

--
-- Indexes for table `guildwar_kills`
--
ALTER TABLE `guildwar_kills`
  ADD PRIMARY KEY (`id`),
  ADD KEY `warid` (`warid`);

--
-- Indexes for table `guild_invites`
--
ALTER TABLE `guild_invites`
  ADD PRIMARY KEY (`player_id`,`guild_id`),
  ADD KEY `guild_id` (`guild_id`);

--
-- Indexes for table `guild_membership`
--
ALTER TABLE `guild_membership`
  ADD PRIMARY KEY (`player_id`),
  ADD KEY `guild_id` (`guild_id`),
  ADD KEY `rank_id` (`rank_id`);

--
-- Indexes for table `guild_ranks`
--
ALTER TABLE `guild_ranks`
  ADD PRIMARY KEY (`id`),
  ADD KEY `guild_id` (`guild_id`);

--
-- Indexes for table `guild_wars`
--
ALTER TABLE `guild_wars`
  ADD PRIMARY KEY (`id`),
  ADD KEY `guild1` (`guild1`),
  ADD KEY `guild2` (`guild2`);

--
-- Indexes for table `houses`
--
ALTER TABLE `houses`
  ADD PRIMARY KEY (`id`),
  ADD KEY `owner` (`owner`),
  ADD KEY `town_id` (`town_id`);

--
-- Indexes for table `house_lists`
--
ALTER TABLE `house_lists`
  ADD KEY `house_id` (`house_id`);

--
-- Indexes for table `ip_bans`
--
ALTER TABLE `ip_bans`
  ADD PRIMARY KEY (`ip`),
  ADD KEY `banned_by` (`banned_by`);

--
-- Indexes for table `market_history`
--
ALTER TABLE `market_history`
  ADD PRIMARY KEY (`id`),
  ADD KEY `player_id` (`player_id`,`sale`);

--
-- Indexes for table `market_offers`
--
ALTER TABLE `market_offers`
  ADD PRIMARY KEY (`id`),
  ADD KEY `sale` (`sale`,`itemtype`),
  ADD KEY `created` (`created`),
  ADD KEY `player_id` (`player_id`);

--
-- Indexes for table `players`
--
ALTER TABLE `players`
  ADD PRIMARY KEY (`id`),
  ADD UNIQUE KEY `name` (`name`),
  ADD KEY `account_id` (`account_id`),
  ADD KEY `vocation` (`vocation`);

--
-- Indexes for table `players_online`
--
ALTER TABLE `players_online`
  ADD PRIMARY KEY (`player_id`);

--
-- Indexes for table `player_autoloot`
--
ALTER TABLE `player_autoloot`
  ADD PRIMARY KEY (`id`);

--
-- Indexes for table `player_deaths`
--
ALTER TABLE `player_deaths`
  ADD KEY `player_id` (`player_id`),
  ADD KEY `killed_by` (`killed_by`),
  ADD KEY `mostdamage_by` (`mostdamage_by`);

--
-- Indexes for table `player_depotitems`
--
ALTER TABLE `player_depotitems`
  ADD UNIQUE KEY `player_id_2` (`player_id`,`sid`);

--
-- Indexes for table `player_inboxitems`
--
ALTER TABLE `player_inboxitems`
  ADD UNIQUE KEY `player_id_2` (`player_id`,`sid`);

--
-- Indexes for table `player_items`
--
ALTER TABLE `player_items`
  ADD KEY `player_id` (`player_id`),
  ADD KEY `sid` (`sid`);

--
-- Indexes for table `player_namelocks`
--
ALTER TABLE `player_namelocks`
  ADD PRIMARY KEY (`player_id`),
  ADD KEY `namelocked_by` (`namelocked_by`);

--
-- Indexes for table `player_spells`
--
ALTER TABLE `player_spells`
  ADD KEY `player_id` (`player_id`);

--
-- Indexes for table `player_storage`
--
ALTER TABLE `player_storage`
  ADD PRIMARY KEY (`player_id`,`key`);

--
-- Indexes for table `server_config`
--
ALTER TABLE `server_config`
  ADD PRIMARY KEY (`config`);

--
-- Indexes for table `tile_store`
--
ALTER TABLE `tile_store`
  ADD KEY `house_id` (`house_id`);

--
-- Indexes for table `towns`
--
ALTER TABLE `towns`
  ADD PRIMARY KEY (`id`),
  ADD UNIQUE KEY `name` (`name`);

--
-- Indexes for table `z_forum`
--
ALTER TABLE `z_forum`
  ADD PRIMARY KEY (`id`),
  ADD KEY `section` (`section`);

--
-- Indexes for table `z_ots_comunication`
--
ALTER TABLE `z_ots_comunication`
  ADD PRIMARY KEY (`id`);

--
-- Indexes for table `z_shop_history_item`
--
ALTER TABLE `z_shop_history_item`
  ADD PRIMARY KEY (`id`);

--
-- Indexes for table `z_shop_offer`
--
ALTER TABLE `z_shop_offer`
  ADD PRIMARY KEY (`id`);

--
-- AUTO_INCREMENT for dumped tables
--

--
-- AUTO_INCREMENT for table `accounts`
--
ALTER TABLE `accounts`
  MODIFY `id` int(11) NOT NULL AUTO_INCREMENT, AUTO_INCREMENT=24;

--
-- AUTO_INCREMENT for table `account_ban_history`
--
ALTER TABLE `account_ban_history`
  MODIFY `id` int(10) UNSIGNED NOT NULL AUTO_INCREMENT;

--
-- AUTO_INCREMENT for table `guilds`
--
ALTER TABLE `guilds`
  MODIFY `id` int(11) NOT NULL AUTO_INCREMENT, AUTO_INCREMENT=2;

--
-- AUTO_INCREMENT for table `guildwar_kills`
--
ALTER TABLE `guildwar_kills`
  MODIFY `id` int(11) NOT NULL AUTO_INCREMENT;

--
-- AUTO_INCREMENT for table `guild_ranks`
--
ALTER TABLE `guild_ranks`
  MODIFY `id` int(11) NOT NULL AUTO_INCREMENT, AUTO_INCREMENT=4;

--
-- AUTO_INCREMENT for table `guild_wars`
--
ALTER TABLE `guild_wars`
  MODIFY `id` int(11) NOT NULL AUTO_INCREMENT;

--
-- AUTO_INCREMENT for table `houses`
--
ALTER TABLE `houses`
  MODIFY `id` int(11) NOT NULL AUTO_INCREMENT, AUTO_INCREMENT=943;

--
-- AUTO_INCREMENT for table `market_history`
--
ALTER TABLE `market_history`
  MODIFY `id` int(10) UNSIGNED NOT NULL AUTO_INCREMENT, AUTO_INCREMENT=3;

--
-- AUTO_INCREMENT for table `market_offers`
--
ALTER TABLE `market_offers`
  MODIFY `id` int(10) UNSIGNED NOT NULL AUTO_INCREMENT, AUTO_INCREMENT=3;

--
-- AUTO_INCREMENT for table `players`
--
ALTER TABLE `players`
  MODIFY `id` int(11) NOT NULL AUTO_INCREMENT, AUTO_INCREMENT=75;

--
-- AUTO_INCREMENT for table `player_autoloot`
--
ALTER TABLE `player_autoloot`
  MODIFY `id` int(11) NOT NULL AUTO_INCREMENT, AUTO_INCREMENT=30;

--
-- AUTO_INCREMENT for table `towns`
--
ALTER TABLE `towns`
  MODIFY `id` int(11) NOT NULL AUTO_INCREMENT, AUTO_INCREMENT=17;

--
-- AUTO_INCREMENT for table `z_forum`
--
ALTER TABLE `z_forum`
  MODIFY `id` int(11) NOT NULL AUTO_INCREMENT, AUTO_INCREMENT=9;

--
-- AUTO_INCREMENT for table `z_ots_comunication`
--
ALTER TABLE `z_ots_comunication`
  MODIFY `id` int(11) NOT NULL AUTO_INCREMENT;

--
-- AUTO_INCREMENT for table `z_shop_history_item`
--
ALTER TABLE `z_shop_history_item`
  MODIFY `id` int(11) NOT NULL AUTO_INCREMENT;

--
-- AUTO_INCREMENT for table `z_shop_offer`
--
ALTER TABLE `z_shop_offer`
  MODIFY `id` int(11) NOT NULL AUTO_INCREMENT;

--
-- Constraints for dumped tables
--

--
-- Limitadores para a tabela `account_bans`
--
ALTER TABLE `account_bans`
  ADD CONSTRAINT `account_bans_ibfk_1` FOREIGN KEY (`account_id`) REFERENCES `accounts` (`id`) ON DELETE CASCADE ON UPDATE CASCADE,
  ADD CONSTRAINT `account_bans_ibfk_2` FOREIGN KEY (`banned_by`) REFERENCES `players` (`id`) ON DELETE CASCADE ON UPDATE CASCADE;

--
-- Limitadores para a tabela `account_ban_history`
--
ALTER TABLE `account_ban_history`
  ADD CONSTRAINT `account_ban_history_ibfk_1` FOREIGN KEY (`account_id`) REFERENCES `accounts` (`id`) ON DELETE CASCADE ON UPDATE CASCADE,
  ADD CONSTRAINT `account_ban_history_ibfk_2` FOREIGN KEY (`banned_by`) REFERENCES `players` (`id`) ON DELETE CASCADE ON UPDATE CASCADE;

--
-- Limitadores para a tabela `account_viplist`
--
ALTER TABLE `account_viplist`
  ADD CONSTRAINT `account_viplist_ibfk_1` FOREIGN KEY (`account_id`) REFERENCES `accounts` (`id`) ON DELETE CASCADE,
  ADD CONSTRAINT `account_viplist_ibfk_2` FOREIGN KEY (`player_id`) REFERENCES `players` (`id`) ON DELETE CASCADE;

--
-- Limitadores para a tabela `guilds`
--
ALTER TABLE `guilds`
  ADD CONSTRAINT `guilds_ibfk_1` FOREIGN KEY (`ownerid`) REFERENCES `players` (`id`) ON DELETE CASCADE;

--
-- Limitadores para a tabela `guildwar_kills`
--
ALTER TABLE `guildwar_kills`
  ADD CONSTRAINT `guildwar_kills_ibfk_1` FOREIGN KEY (`warid`) REFERENCES `guild_wars` (`id`) ON DELETE CASCADE;

--
-- Limitadores para a tabela `guild_invites`
--
ALTER TABLE `guild_invites`
  ADD CONSTRAINT `guild_invites_ibfk_1` FOREIGN KEY (`player_id`) REFERENCES `players` (`id`) ON DELETE CASCADE,
  ADD CONSTRAINT `guild_invites_ibfk_2` FOREIGN KEY (`guild_id`) REFERENCES `guilds` (`id`) ON DELETE CASCADE;

--
-- Limitadores para a tabela `guild_membership`
--
ALTER TABLE `guild_membership`
  ADD CONSTRAINT `guild_membership_ibfk_1` FOREIGN KEY (`player_id`) REFERENCES `players` (`id`) ON DELETE CASCADE ON UPDATE CASCADE,
  ADD CONSTRAINT `guild_membership_ibfk_2` FOREIGN KEY (`guild_id`) REFERENCES `guilds` (`id`) ON DELETE CASCADE ON UPDATE CASCADE,
  ADD CONSTRAINT `guild_membership_ibfk_3` FOREIGN KEY (`rank_id`) REFERENCES `guild_ranks` (`id`) ON DELETE CASCADE ON UPDATE CASCADE;

--
-- Limitadores para a tabela `guild_ranks`
--
ALTER TABLE `guild_ranks`
  ADD CONSTRAINT `guild_ranks_ibfk_1` FOREIGN KEY (`guild_id`) REFERENCES `guilds` (`id`) ON DELETE CASCADE;

--
-- Limitadores para a tabela `house_lists`
--
ALTER TABLE `house_lists`
  ADD CONSTRAINT `house_lists_ibfk_1` FOREIGN KEY (`house_id`) REFERENCES `houses` (`id`) ON DELETE CASCADE;

--
-- Limitadores para a tabela `ip_bans`
--
ALTER TABLE `ip_bans`
  ADD CONSTRAINT `ip_bans_ibfk_1` FOREIGN KEY (`banned_by`) REFERENCES `players` (`id`) ON DELETE CASCADE ON UPDATE CASCADE;

--
-- Limitadores para a tabela `market_history`
--
ALTER TABLE `market_history`
  ADD CONSTRAINT `market_history_ibfk_1` FOREIGN KEY (`player_id`) REFERENCES `players` (`id`) ON DELETE CASCADE;

--
-- Limitadores para a tabela `market_offers`
--
ALTER TABLE `market_offers`
  ADD CONSTRAINT `market_offers_ibfk_1` FOREIGN KEY (`player_id`) REFERENCES `players` (`id`) ON DELETE CASCADE;

--
-- Limitadores para a tabela `players`
--
ALTER TABLE `players`
  ADD CONSTRAINT `players_ibfk_1` FOREIGN KEY (`account_id`) REFERENCES `accounts` (`id`) ON DELETE CASCADE;

--
-- Limitadores para a tabela `player_deaths`
--
ALTER TABLE `player_deaths`
  ADD CONSTRAINT `player_deaths_ibfk_1` FOREIGN KEY (`player_id`) REFERENCES `players` (`id`) ON DELETE CASCADE;

--
-- Limitadores para a tabela `player_depotitems`
--
ALTER TABLE `player_depotitems`
  ADD CONSTRAINT `player_depotitems_ibfk_1` FOREIGN KEY (`player_id`) REFERENCES `players` (`id`) ON DELETE CASCADE;

--
-- Limitadores para a tabela `player_inboxitems`
--
ALTER TABLE `player_inboxitems`
  ADD CONSTRAINT `player_inboxitems_ibfk_1` FOREIGN KEY (`player_id`) REFERENCES `players` (`id`) ON DELETE CASCADE;

--
-- Limitadores para a tabela `player_items`
--
ALTER TABLE `player_items`
  ADD CONSTRAINT `player_items_ibfk_1` FOREIGN KEY (`player_id`) REFERENCES `players` (`id`) ON DELETE CASCADE;

--
-- Limitadores para a tabela `player_namelocks`
--
ALTER TABLE `player_namelocks`
  ADD CONSTRAINT `player_namelocks_ibfk_1` FOREIGN KEY (`player_id`) REFERENCES `players` (`id`) ON DELETE CASCADE ON UPDATE CASCADE,
  ADD CONSTRAINT `player_namelocks_ibfk_2` FOREIGN KEY (`namelocked_by`) REFERENCES `players` (`id`) ON DELETE CASCADE ON UPDATE CASCADE;

--
-- Limitadores para a tabela `player_spells`
--
ALTER TABLE `player_spells`
  ADD CONSTRAINT `player_spells_ibfk_1` FOREIGN KEY (`player_id`) REFERENCES `players` (`id`) ON DELETE CASCADE;

--
-- Limitadores para a tabela `player_storage`
--
ALTER TABLE `player_storage`
  ADD CONSTRAINT `player_storage_ibfk_1` FOREIGN KEY (`player_id`) REFERENCES `players` (`id`) ON DELETE CASCADE;

--
-- Limitadores para a tabela `tile_store`
--
ALTER TABLE `tile_store`
  ADD CONSTRAINT `tile_store_ibfk_1` FOREIGN KEY (`house_id`) REFERENCES `houses` (`id`) ON DELETE CASCADE;
COMMIT;

/*!40101 SET CHARACTER_SET_CLIENT=@OLD_CHARACTER_SET_CLIENT */;
/*!40101 SET CHARACTER_SET_RESULTS=@OLD_CHARACTER_SET_RESULTS */;
/*!40101 SET COLLATION_CONNECTION=@OLD_COLLATION_CONNECTION */;
